{"type": "FeatureCollection", "features": [{"type": "Feature", "properties": {"osm_id": "way/582802805", "highway": "tertiary", "name": "永锦路"}, "geometry": {"type": "LineString", "coordinates": [[118.683318, 32.1759696], [118.68333, 32.1772591], [118.683428, 32.1779146], [118.683596, 32.1786654], [118.6837863, 32.1792775], [118.6840348, 32.1799099], [118.6844503, 32.1807503], [118.6849714, 32.1818728], [118.6850463, 32.1820558], [118.6858539, 32.184425], [118.6859155, 32.1846024], [118.6862608, 32.1857232], [118.6866653, 32.1870358], [118.6870945, 32.1884522], [118.6873412, 32.188997], [118.6878669, 32.1897325], [118.6885965, 32.1903226], [118.6905062, 32.1916573], [118.6910212, 32.1920205], [118.691268, 32.1923569], [118.6916006, 32.1928104], [118.6916888, 32.1929997], [118.691901, 32.1934551], [118.6921263, 32.1941996], [118.6922991, 32.1947246], [118.6923623, 32.1949168], [118.693006, 32.195852], [118.6942935, 32.1974862], [118.6949587, 32.1983487]]}}, {"type": "Feature", "properties": {"osm_id": "way/576195453", "highway": "tertiary", "name": "药谷大道"}, "geometry": {"type": "LineString", "coordinates": [[118.6910212, 32.1920205], [118.6909521, 32.1922326], [118.6908824, 32.192466], [118.6906678, 32.1930107], [118.6904764, 32.1933933], [118.6901116, 32.1938831], [118.6898622, 32.1941546], [118.689617, 32.1944197], [118.689182, 32.1947978], [118.6886852, 32.1951683], [118.6880299, 32.1956582], [118.6866516, 32.1966886], [118.6860136, 32.1970911], [118.6855422, 32.1973885]]}}, {"type": "Feature", "properties": {"osm_id": "way/185559532", "bicycle": "no", "foot": "yes", "highway": "path", "sac_scale": "mountain_hiking"}, "geometry": {"type": "LineString", "coordinates": [[118.6976888, 32.1864924], [118.6972503, 32.1872825], [118.6972072, 32.1873601], [118.6970149, 32.1876927], [118.6968834, 32.1878383], [118.6966642, 32.1880295], [118.6964315, 32.188175], [118.6961449, 32.1883748], [118.6961854, 32.1885289], [118.6963068, 32.1887458], [118.696354, 32.1889512], [118.6963304, 32.1891253], [118.6963641, 32.1893137], [118.6965731, 32.1895391], [118.6967384, 32.1898045], [118.6968159, 32.1900642], [118.696789, 32.1903096], [118.6967957, 32.1905208], [118.6969103, 32.1906863], [118.6972712, 32.1908689], [118.6976421, 32.1910002], [118.6979624, 32.1911058], [118.6981445, 32.1912285], [118.698249, 32.1914282], [118.6983377, 32.1915733], [118.6984008, 32.1916765], [118.6985761, 32.1920218], [118.6987919, 32.19231], [118.6988456, 32.1923392], [118.6990752, 32.1924641], [118.6994933, 32.1925754], [118.69976, 32.1926497], [118.7000362, 32.1927266], [118.7007106, 32.192875], [118.7009871, 32.1930348], [118.7011793, 32.1932003], [118.701213, 32.1934001], [118.7011017, 32.1935656], [118.7008927, 32.1936769], [118.7007915, 32.193791], [118.700832, 32.1939137], [118.701041, 32.1941762], [118.7013681, 32.194473], [118.701766, 32.1947327], [118.7022347, 32.1950095], [118.7026124, 32.1953062], [118.7028417, 32.1955659], [118.7029665, 32.195837], [118.7031485, 32.1962193], [118.703307, 32.1965503], [118.7034082, 32.1967158], [118.7037083, 32.19683], [118.7045412, 32.1971096], [118.7051077, 32.1974035], [118.7058158, 32.1977745], [118.70618, 32.1980883], [118.7064396, 32.1983138], [118.7067633, 32.198425], [118.7073433, 32.1985706], [118.7079278, 32.1987401], [118.7083409, 32.1986632], [118.7086781, 32.1987345], [118.7091434, 32.1988914], [118.7096576, 32.1989601], [118.710256, 32.1991236], [118.7105803, 32.1992446], [118.7106456, 32.1994334], [118.7107299, 32.1997159], [118.7107164, 32.1999356], [118.7106186, 32.2001524], [118.7105175, 32.2003465], [118.7104939, 32.2004692], [118.7105242, 32.2006004], [118.7105006, 32.2007688], [118.7105444, 32.2008972], [118.7106119, 32.2011226], [118.7106321, 32.2013252], [118.7106658, 32.2016704], [118.7104264, 32.201756], [118.7101921, 32.2018333], [118.7100013, 32.2019161], [118.7098582, 32.2019968], [118.7096701, 32.2021959]]}}, {"type": "Feature", "properties": {"osm_id": "way/185561614", "highway": "service", "oneway": "no", "service": "driveway"}, "geometry": {"type": "LineString", "coordinates": [[118.699228, 32.1853203], [118.6991951, 32.1853881], [118.6990616, 32.1855358], [118.6988823, 32.1856023], [118.6981964, 32.1860072], [118.6980734, 32.1860114], [118.6978946, 32.1861441], [118.6976888, 32.1864924], [118.6969226, 32.1878329], [118.6966597, 32.1881144], [118.6965685, 32.1881643], [118.6962574, 32.1880962], [118.6960375, 32.1879963], [118.6958873, 32.1880099], [118.6958551, 32.1881234], [118.6960804, 32.1884458], [118.6963754, 32.1889088], [118.6964022, 32.1890632], [118.6963218, 32.1894718], [118.6963003, 32.1897578], [118.6964398, 32.1900756], [118.6967026, 32.1901982], [118.6973035, 32.1904705], [118.6976307, 32.1906885], [118.698092, 32.1909881], [118.6983978, 32.1914012], [118.698548, 32.1917825], [118.6986499, 32.1920595], [118.6988484, 32.1923091], [118.6989986, 32.1923455], [118.6992186, 32.192291], [118.6995404, 32.1923682], [118.6997926, 32.1925316], [118.6999374, 32.1926814], [118.7002002, 32.1928403], [118.7007957, 32.1929901], [118.7012195, 32.1932216], [118.7012463, 32.1933624], [118.7011176, 32.1936211], [118.700903, 32.1938254], [118.7008601, 32.1940024], [118.7011605, 32.1943838], [118.7012839, 32.19447], [118.7023031, 32.1951918], [118.7026464, 32.1954188], [118.7029844, 32.1956412], [118.7031024, 32.1959726], [118.7031614, 32.1963721], [118.7033277, 32.1967489], [118.7037408, 32.1969305], [118.7040197, 32.1970076], [118.7047493, 32.1972709], [118.705275, 32.1975569], [118.7056773, 32.1978066], [118.7060367, 32.1980472], [118.7064605, 32.1984149], [118.7069862, 32.1985647], [118.7075871, 32.1987099], [118.7080591, 32.1988007], [118.7084561, 32.1988143], [118.7089872, 32.1986146], [118.7093305, 32.1985238], [118.7094163, 32.1986282], [118.7092876, 32.1987462], [118.7088477, 32.1989505], [118.7087619, 32.1991866], [118.7088101, 32.1994271], [118.7088048, 32.1996314], [118.7087297, 32.1997631], [118.7085741, 32.1997994], [118.708381, 32.199754], [118.7083166, 32.1997131], [118.708145, 32.1996314], [118.7080162, 32.1996314], [118.7078875, 32.1997404], [118.7078821, 32.1999764], [118.7080591, 32.2003123], [118.7081879, 32.200503], [118.7083166, 32.2006528], [118.7083273, 32.200857], [118.7083273, 32.2010568], [118.7081986, 32.2012428], [118.7080679, 32.2014263]]}}, {"type": "Feature", "properties": {"osm_id": "way/577609883", "highway": "construction", "name": "科汇路"}, "geometry": {"type": "LineString", "coordinates": [[118.6922991, 32.1947246], [118.6924271, 32.1946806], [118.6933689, 32.194357], [118.6941424, 32.1940629], [118.6948291, 32.1937905], [118.6954084, 32.1935363], [118.6959591, 32.1934753]]}}, {"type": "Feature", "properties": {"osm_id": "way/577609885", "highway": "unclassified", "name": "方庄路"}, "geometry": {"type": "LineString", "coordinates": [[118.6989609, 32.1973317], [118.6984674, 32.1968323], [118.6982534, 32.1964783], [118.6978993, 32.1963148], [118.6975238, 32.196224], [118.6972765, 32.1961242], [118.6969976, 32.1959607], [118.6967728, 32.195534], [118.6966881, 32.1953848], [118.6963758, 32.1948349], [118.6963107, 32.1947423], [118.696329, 32.1943925], [118.6960523, 32.1936394], [118.6959591, 32.1934753], [118.6948738, 32.1925197], [118.694273, 32.1918842], [118.693915, 32.1912064]]}}, {"type": "Feature", "properties": {"osm_id": "way/1148356736", "highway": "motorway", "lanes": "3", "loc_name": "宁连高速;宁淮高速", "name": "南京绕城高速", "name:en": "Ninglian Expressway", "name:zh-Hant": "南京繞城高速", "oneway": "yes", "ref": "G40;G2503", "start_date": "2006-12-18", "surface": "asphalt", "toll": "yes"}, "geometry": {"type": "LineString", "coordinates": [[118.6894679, 32.2042124], [118.6881375, 32.2029124], [118.6867392, 32.2016105], [118.6852726, 32.2003225], [118.6838013, 32.1990423]]}}, {"type": "Feature", "properties": {"osm_id": "way/1148356737", "highway": "motorway", "lanes": "3", "loc_name": "宁连高速;宁淮高速", "name": "南京绕城高速", "name:en": "Ninglian Expressway", "name:zh-Hant": "南京繞城高速", "oneway": "yes", "ref": "G40;G2503", "source": "GPS", "start_date": "2006-12-18", "surface": "asphalt", "toll": "yes"}, "geometry": {"type": "LineString", "coordinates": [[118.6839285, 32.1989507], [118.6854214, 32.2002162], [118.6868879, 32.2015036], [118.6882368, 32.2027926], [118.6895985, 32.2041206]]}}, {"type": "Feature", "properties": {"osm_id": "way/1148356734", "highway": "tertiary", "layer": "-1", "tunnel": "yes"}, "geometry": {"type": "LineString", "coordinates": [[118.6910203, 32.199536], [118.6907538, 32.1997094]]}}, {"type": "Feature", "properties": {"osm_id": "way/1148356735", "highway": "service"}, "geometry": {"type": "LineString", "coordinates": [[118.691589, 32.1992635], [118.6915738, 32.1991903], [118.6917588, 32.1989804], [118.6920069, 32.1987477]]}}, {"type": "Feature", "properties": {"osm_id": "way/1294940419", "highway": "unclassified", "name": "规划三路"}, "geometry": {"type": "LineString", "coordinates": [[118.6966881, 32.1953848], [118.6938777, 32.1963587], [118.6936536, 32.1964626]]}}, {"type": "Feature", "properties": {"osm_id": "way/1294940430", "highway": "path"}, "geometry": {"type": "LineString", "coordinates": [[118.6981313, 32.1950917], [118.6975989, 32.1954855], [118.6974651, 32.1955514], [118.6972036, 32.1957503]]}}, {"type": "Feature", "properties": {"osm_id": "way/93553397", "highway": "tertiary"}, "geometry": {"type": "LineString", "coordinates": [[118.6907538, 32.1997094], [118.6906679, 32.1997653], [118.6896379, 32.2004735], [118.6887367, 32.2012361], [118.6886586, 32.2012635], [118.6874921, 32.2016718], [118.6872952, 32.2017864]]}}, {"type": "Feature", "properties": {"osm_id": "way/321100048", "highway": "tertiary"}, "geometry": {"type": "LineString", "coordinates": [[118.6896512, 32.2051151], [118.6904154, 32.2045846], [118.6911992, 32.2041077], [118.6925018, 32.2035108], [118.694047, 32.2028287], [118.6961661, 32.2018926]]}}, {"type": "Feature", "properties": {"osm_id": "way/422681307", "highway": "tertiary", "lanes": "2", "oneway": "yes"}, "geometry": {"type": "LineString", "coordinates": [[118.6950151, 32.1983349], [118.6962224, 32.2018784], [118.6985822, 32.2081772], [118.6986446, 32.2083438], [118.6986923, 32.2084434], [118.6987431, 32.2085493], [118.6988563, 32.2087855], [118.6989304, 32.2089402], [118.6992616, 32.2095146], [118.699334, 32.209617], [118.6995539, 32.2099401], [118.6996374, 32.2100629], [118.699931, 32.2104713], [118.700044, 32.2106262], [118.7003147, 32.210991], [118.7005798, 32.2113484], [118.7018076, 32.2130193], [118.7018195, 32.2131102]]}}, {"type": "Feature", "properties": {"osm_id": "way/588006878", "highway": "tertiary", "lanes": "2", "oneway": "yes"}, "geometry": {"type": "LineString", "coordinates": [[118.7018195, 32.2131102], [118.7017432, 32.2130477], [118.7006226, 32.2115278], [118.7002499, 32.211021], [118.6994819, 32.2099768], [118.6992477, 32.2096583], [118.699064, 32.209328], [118.6988743, 32.2090057], [118.6987998, 32.2088791], [118.6987603, 32.208798], [118.6986841, 32.2086417], [118.6986482, 32.2085681], [118.6985994, 32.2084679], [118.6985453, 32.2083571], [118.6984925, 32.2082135], [118.6961661, 32.2018926], [118.6949587, 32.1983487]]}}, {"type": "Feature", "properties": {"osm_id": "way/590010703", "highway": "tertiary", "name": "龙山北路"}, "geometry": {"type": "LineString", "coordinates": [[118.6989934, 32.1973685], [118.6950151, 32.1983349], [118.6949587, 32.1983487]]}}, {"type": "Feature", "properties": {"osm_id": "way/1148356733", "highway": "tertiary"}, "geometry": {"type": "LineString", "coordinates": [[118.6949587, 32.1983487], [118.6917381, 32.199257], [118.691589, 32.1992635], [118.6910203, 32.199536]]}}, {"type": "Feature", "properties": {"osm_id": "way/1148356765", "highway": "motorway", "lanes": "3", "loc_name": "宁连高速;宁淮高速", "name": "南京绕城高速", "name:en": "Ninglian Expressway", "name:zh-Hant": "南京繞城高速", "oneway": "yes", "ref": "G40;G2503", "start_date": "2006-12-18", "surface": "asphalt", "toll": "yes"}, "geometry": {"type": "LineString", "coordinates": [[118.6944124, 32.209743], [118.6937701, 32.2090272], [118.6929547, 32.2080191], [118.6922929, 32.2072021], [118.6913122, 32.2061417]]}}, {"type": "Feature", "properties": {"osm_id": "way/1148356766", "highway": "motorway", "lanes": "3", "loc_name": "宁连高速;宁淮高速", "name": "南京绕城高速", "name:en": "Ninglian Expressway", "name:zh-Hant": "南京繞城高速", "oneway": "yes", "ref": "G40;G2503", "source": "GPS", "start_date": "2006-12-18", "surface": "asphalt", "toll": "yes"}, "geometry": {"type": "LineString", "coordinates": [[118.6914464, 32.2060418], [118.69242, 32.2071462], [118.6930735, 32.2079294], [118.6939179, 32.2089414], [118.6945693, 32.2096692]]}}, {"type": "Feature", "properties": {"osm_id": "way/1518565544", "highway": "tertiary"}, "geometry": {"type": "LineString", "coordinates": [[118.6912336, 32.2083737], [118.6910441, 32.2077961], [118.690936, 32.2073563], [118.6908913, 32.2072098], [118.6908634, 32.2071483], [118.690789, 32.2070355], [118.6907095, 32.2069381], [118.6904728, 32.206602], [118.6902555, 32.2062974], [118.6900317, 32.2059845], [118.6898598, 32.2057705], [118.6895858, 32.2054247], [118.689482, 32.2052875], [118.6894479, 32.2052285], [118.6895009, 32.2052194]]}}, {"type": "Feature", "properties": {"osm_id": "way/320872838", "bridge": "yes", "highway": "motorway", "lanes": "3", "layer": "1", "loc_name": "宁连高速;宁淮高速", "name": "南京绕城高速", "name:en": "Ninglian Expressway", "name:zh-Hant": "南京繞城高速", "oneway": "yes", "ref": "G40;G2503", "source": "GPS", "start_date": "2006-12-18", "surface": "asphalt", "toll": "yes"}, "geometry": {"type": "LineString", "coordinates": [[118.6895985, 32.2041206], [118.6905005, 32.2050493], [118.6914464, 32.2060418]]}}, {"type": "Feature", "properties": {"osm_id": "way/320872840", "bridge": "yes", "highway": "motorway", "lanes": "3", "layer": "1", "loc_name": "宁连高速;宁淮高速", "name": "南京绕城高速", "name:en": "Ninglian Expressway", "name:zh-Hant": "南京繞城高速", "oneway": "yes", "ref": "G40;G2503", "start_date": "2006-12-18", "surface": "asphalt", "toll": "yes"}, "geometry": {"type": "LineString", "coordinates": [[118.6913122, 32.2061417], [118.6903874, 32.2051537], [118.6894679, 32.2042124]]}}, {"type": "Feature", "properties": {"osm_id": "way/1057863126", "highway": "tertiary"}, "geometry": {"type": "LineString", "coordinates": [[118.6895009, 32.2052194], [118.6895771, 32.2051665]]}}, {"type": "Feature", "properties": {"osm_id": "way/1057863127", "bridge": "yes", "highway": "tertiary", "layer": "1"}, "geometry": {"type": "LineString", "coordinates": [[118.6895771, 32.2051665], [118.6896512, 32.2051151]]}}, {"type": "Feature", "properties": {"osm_id": "way/1518565545", "highway": "tertiary"}, "geometry": {"type": "LineString", "coordinates": [[118.6894479, 32.2052285], [118.6882557, 32.2037925], [118.6880888, 32.2035898], [118.6879647, 32.2034232], [118.687755, 32.203157], [118.6875561, 32.2029199], [118.6870126, 32.2024419], [118.6866044, 32.2020554]]}}, {"type": "Feature", "properties": {"osm_id": "way/422681312", "highway": "secondary", "lanes": "3", "name": "万家坝路", "name:zh-Hant": "萬家壩路", "oneway": "yes"}, "geometry": {"type": "LineString", "coordinates": [[118.7134257, 32.2088205], [118.713211, 32.2087756], [118.7120056, 32.2085237], [118.7116174, 32.2084817], [118.7112026, 32.2084413], [118.7107336, 32.2084576], [118.7095625, 32.2085096], [118.7090174, 32.208523], [118.7087508, 32.2085295], [118.7086646, 32.2085263], [118.7074451, 32.2084803], [118.7072676, 32.2084592], [118.7071205, 32.2084417], [118.7069904, 32.2084214], [118.705836, 32.2082408], [118.7047567, 32.2081436], [118.7040276, 32.2081026], [118.7033848, 32.208105], [118.702483, 32.2081302], [118.7010339, 32.2082628], [118.7000006, 32.2083698], [118.6990243, 32.2084935], [118.6988737, 32.2085234], [118.6987431, 32.2085493], [118.6986482, 32.2085681], [118.6984605, 32.2086113], [118.6981603, 32.2086988], [118.697563, 32.2088908], [118.6960048, 32.2096136], [118.6944031, 32.2104521], [118.6932118, 32.2110429]]}}, {"type": "Feature", "properties": {"osm_id": "way/588006881", "highway": "secondary", "lanes": "3", "name": "万家坝路", "name:zh-Hant": "萬家壩路", "oneway": "yes"}, "geometry": {"type": "LineString", "coordinates": [[118.6931516, 32.2109002], [118.6941711, 32.2103849], [118.6950187, 32.2099974], [118.6953974, 32.2098223], [118.6963594, 32.2093474], [118.6975284, 32.2088035], [118.6984189, 32.2085182], [118.6985994, 32.2084679], [118.6986923, 32.2084434], [118.6988289, 32.2084073], [118.6990765, 32.2083418], [118.6999969, 32.2082129], [118.7010006, 32.2081207], [118.7024787, 32.2079849], [118.7028707, 32.2079795], [118.7033879, 32.2079724], [118.7040102, 32.2079638], [118.7047884, 32.2080133], [118.7059216, 32.2081352], [118.7070098, 32.2082807], [118.7071435, 32.2082986], [118.7072894, 32.2083155], [118.7074479, 32.208334], [118.7086482, 32.2083711], [118.709013, 32.2083767], [118.7108613, 32.2083162], [118.7114706, 32.2083334], [118.7119872, 32.208399], [118.713309, 32.2086497], [118.713545, 32.2086944]]}}, {"type": "Feature", "properties": {"osm_id": "way/1148356741", "highway": "secondary", "lanes": "3", "name": "万家坝路", "name:zh-Hant": "萬家壩路", "oneway": "yes"}, "geometry": {"type": "LineString", "coordinates": [[118.6926542, 32.2113194], [118.6924537, 32.2114188], [118.6921374, 32.2115757], [118.6874401, 32.2138494], [118.687268, 32.2139327], [118.6857975, 32.2146445], [118.6840991, 32.2154801], [118.6829365, 32.2160606]]}}, {"type": "Feature", "properties": {"osm_id": "way/1050455864", "highway": "tertiary_link", "oneway": "yes"}, "geometry": {"type": "LineString", "coordinates": [[118.6986841, 32.2086417], [118.6984977, 32.2086988], [118.6979625, 32.2088629], [118.6972851, 32.2091255], [118.6956334, 32.2099103], [118.6944031, 32.2104521]]}}, {"type": "Feature", "properties": {"osm_id": "way/1050455865", "highway": "tertiary_link", "oneway": "yes"}, "geometry": {"type": "LineString", "coordinates": [[118.6941711, 32.2103849], [118.6953498, 32.2097551], [118.696204, 32.2093118], [118.6968914, 32.208973], [118.6974653, 32.208733], [118.6983745, 32.2084166], [118.6985453, 32.2083571]]}}, {"type": "Feature", "properties": {"osm_id": "way/1148356743", "bridge": "yes", "highway": "secondary", "lanes": "3", "layer": "1", "name": "万家坝路", "name:zh-Hant": "萬家壩路", "oneway": "yes"}, "geometry": {"type": "LineString", "coordinates": [[118.6932118, 32.2110429], [118.6926542, 32.2113194]]}}, {"type": "Feature", "properties": {"osm_id": "way/1148356744", "bridge": "yes", "highway": "secondary", "lanes": "3", "layer": "1", "name": "万家坝路", "name:zh-Hant": "萬家壩路", "oneway": "yes"}, "geometry": {"type": "LineString", "coordinates": [[118.6926048, 32.2111733], [118.6931516, 32.2109002]]}}, {"type": "Feature", "properties": {"osm_id": "way/1148356767", "bridge": "yes", "highway": "motorway", "lanes": "3", "layer": "1", "loc_name": "宁连高速;宁淮高速", "name": "南京绕城高速", "name:en": "Ninglian Expressway", "name:zh-Hant": "南京繞城高速", "oneway": "yes", "ref": "G40;G2503", "start_date": "2006-12-18", "surface": "asphalt", "toll": "yes"}, "geometry": {"type": "LineString", "coordinates": [[118.6951471, 32.2106392], [118.6944124, 32.209743]]}}, {"type": "Feature", "properties": {"osm_id": "way/1148356768", "bridge": "yes", "highway": "motorway", "lanes": "3", "layer": "1", "loc_name": "宁连高速;宁淮高速", "name": "南京绕城高速", "name:en": "Ninglian Expressway", "name:zh-Hant": "南京繞城高速", "oneway": "yes", "ref": "G40;G2503", "source": "GPS", "start_date": "2006-12-18", "surface": "asphalt", "toll": "yes"}, "geometry": {"type": "LineString", "coordinates": [[118.6945693, 32.2096692], [118.6952912, 32.2105703]]}}, {"type": "Feature", "properties": {"osm_id": "way/320872813", "highway": "motorway", "lanes": "3", "loc_name": "宁连高速;宁淮高速", "name": "南京绕城高速", "name:en": "Ninglian Expressway", "name:zh-Hant": "南京繞城高速", "oneway": "yes", "ref": "G40;G2503", "start_date": "2006-12-18", "surface": "asphalt", "toll": "yes"}, "geometry": {"type": "LineString", "coordinates": [[118.7029667, 32.2226051], [118.7022763, 32.2214158], [118.7016631, 32.2203076], [118.7010076, 32.2191642], [118.7005708, 32.218459], [118.6999925, 32.2174856], [118.6991512, 32.2161919], [118.6983671, 32.2150416], [118.6977089, 32.214098], [118.6971947, 32.2133669], [118.6966855, 32.2126897], [118.6960314, 32.2118363], [118.6955946, 32.2112157], [118.6951471, 32.2106392]]}}, {"type": "Feature", "properties": {"osm_id": "way/320872814", "highway": "motorway", "lanes": "3", "loc_name": "宁连高速;宁淮高速", "name": "南京绕城高速", "name:en": "Ninglian Expressway", "name:zh-Hant": "南京繞城高速", "oneway": "yes", "ref": "G40;G2503", "source": "GPS", "start_date": "2006-12-18", "surface": "asphalt", "toll": "yes"}, "geometry": {"type": "LineString", "coordinates": [[118.6952912, 32.2105703], [118.6957209, 32.2111161], [118.6961698, 32.2117428], [118.6968455, 32.2126509], [118.6973386, 32.2133147], [118.6978457, 32.2140221], [118.6985128, 32.2149846], [118.6993018, 32.2161437], [118.7001065, 32.2174005], [118.7007202, 32.2183878], [118.7011745, 32.2191524], [118.7018144, 32.2202398], [118.7024233, 32.2213496], [118.7031084, 32.2225347]]}}, {"type": "Feature", "properties": {"osm_id": "way/1148356742", "highway": "secondary", "lanes": "3", "name": "万家坝路", "name:zh-Hant": "萬家壩路", "oneway": "yes"}, "geometry": {"type": "LineString", "coordinates": [[118.6873915, 32.2137293], [118.692403, 32.2112722], [118.6926048, 32.2111733]]}}, {"type": "Feature", "properties": {"osm_id": "way/1379304617", "highway": "service"}, "geometry": {"type": "LineString", "coordinates": [[118.6990588, 32.2285107], [118.6989489, 32.2281743], [118.6988058, 32.2277059], [118.699089, 32.227587], [118.6994843, 32.2275233], [118.6999701, 32.2274342], [118.7003837, 32.2274055], [118.7006781, 32.2272799], [118.7007012, 32.2272151], [118.70069, 32.2271212], [118.7005521, 32.2267238], [118.7004036, 32.2263988], [118.7000463, 32.2256064], [118.6998912, 32.2251867], [118.6997062, 32.2248466], [118.699398, 32.2243937], [118.6991069, 32.223948], [118.6988868, 32.2235285], [118.6986496, 32.2231524], [118.6984455, 32.2227801], [118.6980586, 32.2220941], [118.6978694, 32.2217619], [118.6976845, 32.2214207], [118.6974705, 32.2210518], [118.6972763, 32.2206637], [118.6970355, 32.2203025], [118.6968398, 32.2199605], [118.6964949, 32.2193791], [118.6961648, 32.2187789], [118.6958691, 32.2182913], [118.6956581, 32.2179167], [118.6954602, 32.2175484], [118.6953841, 32.217405], [118.6952894, 32.2171734], [118.6951261, 32.2168173], [118.6949248, 32.2164124], [118.6947087, 32.2159966], [118.6945967, 32.215758], [118.6943887, 32.2152651], [118.6941566, 32.2148053], [118.6934376, 32.2133104], [118.6930952, 32.2125295], [118.6929083, 32.2120521], [118.6927944, 32.2118157], [118.6926693, 32.2116676], [118.6925401, 32.2115594], [118.6924537, 32.2114188], [118.692403, 32.2112722], [118.6923785, 32.2110086], [118.6923967, 32.2107917], [118.6923701, 32.2105748], [118.6923436, 32.2103783], [118.6922833, 32.210258], [118.692098, 32.2100014], [118.691754, 32.2094208], [118.6914045, 32.2088875], [118.6912975, 32.2086746], [118.6912336, 32.2083737]]}}, {"type": "Feature", "properties": {"osm_id": "way/1425270036", "highway": "footway"}, "geometry": {"type": "LineString", "coordinates": [[118.6985622, 32.2088387], [118.6984977, 32.2086988], [118.6984605, 32.2086113], [118.6984189, 32.2085182], [118.6983745, 32.2084166], [118.6983262, 32.2082895], [118.6984925, 32.2082135], [118.6985822, 32.2081772], [118.698636, 32.2081511], [118.6987701, 32.2082373], [118.6988289, 32.2084073], [118.6988737, 32.2085234], [118.6989619, 32.2087207], [118.698931, 32.2087786], [118.6988563, 32.2087855], [118.6987603, 32.208798], [118.6985622, 32.2088387]]}}, {"type": "Feature", "properties": {"osm_id": "way/1425270047", "highway": "service"}, "geometry": {"type": "LineString", "coordinates": [[118.7003147, 32.210991], [118.7002499, 32.211021], [118.6991698, 32.2115053], [118.6984187, 32.210484], [118.6994819, 32.2099768], [118.6995539, 32.2099401]]}}, {"type": "Feature", "properties": {"osm_id": "way/1425270048", "highway": "service"}, "geometry": {"type": "LineString", "coordinates": [[118.699334, 32.209617], [118.6992477, 32.2096583], [118.6988613, 32.2098112], [118.6987795, 32.2098146], [118.6984107, 32.2092892], [118.6984375, 32.2092052], [118.6988743, 32.2090057]]}}, {"type": "Feature", "properties": {"osm_id": "way/1174938484", "highway": "primary", "name": "六合大道", "name:en": "Luhe Dadao", "name:zh": "六合大道", "oneway": "yes", "ref": "G328"}, "geometry": {"type": "LineString", "coordinates": [[118.7178921, 32.1908501], [118.7182967, 32.1921908], [118.7186608, 32.1933974], [118.7186939, 32.1935071], [118.7189571, 32.194384], [118.7192084, 32.1952205], [118.7193156, 32.1955772], [118.7197776, 32.1971389], [118.7200657, 32.1981124], [118.7202304, 32.1985437], [118.7204469, 32.199363], [118.7207011, 32.2001648], [118.7215442, 32.203052], [118.7216255, 32.2033112], [118.7216649, 32.2034894], [118.7218391, 32.2041349], [118.7218971, 32.2043318], [118.7227336, 32.2071722], [118.7227803, 32.2073306], [118.723431, 32.2094275], [118.7236175, 32.210041], [118.7236416, 32.2101419], [118.7239852, 32.2112931], [118.7243086, 32.2123767], [118.7243248, 32.2124309], [118.7245693, 32.21325], [118.724654, 32.2134614], [118.724747, 32.2137512], [118.7250455, 32.2148365], [118.7252451, 32.2155624]]}}, {"type": "Feature", "properties": {"osm_id": "way/185559527", "highway": "footway"}, "geometry": {"type": "LineString", "coordinates": [[118.7007902, 32.1940527], [118.700802, 32.1941455], [118.7008374, 32.1942354], [118.7008169, 32.1942363]]}}, {"type": "Feature", "properties": {"osm_id": "way/185559528", "highway": "footway"}, "geometry": {"type": "LineString", "coordinates": [[118.700832, 32.1939137], [118.7007902, 32.1940527], [118.7007481, 32.1941626], [118.7007143, 32.1942339], [118.7007078, 32.1942599]]}}, {"type": "Feature", "properties": {"osm_id": "way/1057178076", "highway": "service"}, "geometry": {"type": "LineString", "coordinates": [[118.7112922, 32.1912085], [118.7112642, 32.1914008], [118.7111085, 32.1915537], [118.7110369, 32.1916986], [118.7104609, 32.1924284], [118.7096795, 32.1926734], [118.709309, 32.1927656], [118.7090537, 32.1928552], [118.7089323, 32.1930897], [118.7087175, 32.1936746], [118.7086241, 32.1941198]]}}, {"type": "Feature", "properties": {"osm_id": "way/478003349", "highway": "trunk", "highway:CN": "1", "maxspeed": "80", "motorroad": "yes", "name": "江北大道快速路", "oneway": "yes", "ref": "G328;G205", "surface": "asphalt"}, "geometry": {"type": "LineString", "coordinates": [[118.7180122, 32.1915707], [118.718376, 32.1928727], [118.7185706, 32.1935402], [118.7187529, 32.1941495], [118.7190492, 32.1951634], [118.7192057, 32.1956883], [118.7194947, 32.1966922], [118.7198764, 32.1979616], [118.7200941, 32.19868], [118.7206574, 32.2005112], [118.7210479, 32.2017852], [118.7213866, 32.2028966], [118.7214908, 32.2033083], [118.7216874, 32.2039549], [118.7220231, 32.2051027], [118.7222989, 32.2059894]]}}, {"type": "Feature", "properties": {"osm_id": "way/656927777", "highway": "trunk_link", "oneway": "yes"}, "geometry": {"type": "LineString", "coordinates": [[118.7186454, 32.1945556], [118.7183992, 32.1939388], [118.7181956, 32.1935352]]}}, {"type": "Feature", "properties": {"osm_id": "way/656927779", "highway": "primary", "layer": "2", "name": "六合大道", "name:en": "Luhe Dadao", "name:zh": "六合大道", "oneway": "yes", "ref": "G328"}, "geometry": {"type": "LineString", "coordinates": [[118.7199782, 32.1994746], [118.7197305, 32.198616], [118.7196127, 32.1982075], [118.7190473, 32.1962515], [118.7188802, 32.195673], [118.7185952, 32.1948833], [118.7185032, 32.1945721], [118.7182354, 32.1936668], [118.7181956, 32.1935352], [118.7174003, 32.1909077]]}}, {"type": "Feature", "properties": {"osm_id": "way/656927785", "highway": "trunk", "highway:CN": "1", "maxspeed": "80", "motorroad": "yes", "name": "江北大道快速路", "oneway": "yes", "ref": "G328;G205", "surface": "asphalt"}, "geometry": {"type": "LineString", "coordinates": [[118.7220898, 32.2061411], [118.7215435, 32.2043303], [118.7213008, 32.2035408], [118.7211007, 32.2028496], [118.7201158, 32.1994478], [118.71972, 32.1981753], [118.7191119, 32.1960714], [118.7189878, 32.1956419], [118.7186454, 32.1945556], [118.7183581, 32.1935737], [118.7177941, 32.1916105]]}}, {"type": "Feature", "properties": {"osm_id": "way/1050501221", "highway": "construction", "lit": "yes", "name": "高新北路", "oneway": "yes", "surface": "asphalt"}, "geometry": {"type": "LineString", "coordinates": [[118.7153043, 32.1989145], [118.7152095, 32.198692], [118.714977, 32.1982653], [118.7147839, 32.1979142], [118.7129636, 32.1952057], [118.7126739, 32.1946488], [118.7124522, 32.194098], [118.7123699, 32.1937197], [118.7123234, 32.1932143], [118.7123686, 32.1918044], [118.7123739, 32.1911147]]}}, {"type": "Feature", "properties": {"osm_id": "way/1050501222", "highway": "construction", "lit": "yes", "name": "高新北路", "oneway": "yes", "surface": "asphalt"}, "geometry": {"type": "LineString", "coordinates": [[118.7124836, 32.1911118], [118.7124796, 32.1918102], [118.7124313, 32.1931166], [118.7124661, 32.1936082], [118.7125446, 32.194036], [118.7126637, 32.1944072], [118.7128757, 32.1948693], [118.7133957, 32.1956928], [118.7140318, 32.1966294], [118.7146535, 32.1975167], [118.7149846, 32.1980354], [118.7152809, 32.1985836], [118.715333, 32.1986983], [118.715387, 32.1988171]]}}, {"type": "Feature", "properties": {"osm_id": "way/656927778", "highway": "trunk_link", "oneway": "yes"}, "geometry": {"type": "LineString", "coordinates": [[118.7186608, 32.1933974], [118.7187214, 32.1937847], [118.7187529, 32.1941495]]}}, {"type": "Feature", "properties": {"osm_id": "way/682188156", "highway": "service"}, "geometry": {"type": "LineString", "coordinates": [[118.7048708, 32.2005707], [118.7047783, 32.2005026], [118.704552, 32.2004024], [118.704323, 32.2003089], [118.7041605, 32.2002426], [118.7040482, 32.2001974], [118.7040098, 32.2000998], [118.7036958, 32.2000502], [118.703118, 32.1996799]]}}, {"type": "Feature", "properties": {"osm_id": "way/682188180", "highway": "service"}, "geometry": {"type": "LineString", "coordinates": [[118.7046248, 32.1998727], [118.7043965, 32.2001963]]}}, {"type": "Feature", "properties": {"osm_id": "way/971602087", "highway": "service"}, "geometry": {"type": "LineString", "coordinates": [[118.7035137, 32.2010449], [118.7037802, 32.2006154], [118.7040482, 32.2001974]]}}, {"type": "Feature", "properties": {"osm_id": "way/971602088", "highway": "service"}, "geometry": {"type": "LineString", "coordinates": [[118.7034063, 32.2004389], [118.7037802, 32.2006154], [118.7042564, 32.2008609]]}}, {"type": "Feature", "properties": {"osm_id": "way/1498513292", "highway": "service"}, "geometry": {"type": "LineString", "coordinates": [[118.7046248, 32.1998727], [118.7046772, 32.1997989]]}}, {"type": "Feature", "properties": {"osm_id": "way/1498513293", "highway": "footway"}, "geometry": {"type": "LineString", "coordinates": [[118.7024563, 32.2008754], [118.7029612, 32.2011061]]}}, {"type": "Feature", "properties": {"osm_id": "way/1498513294", "highway": "steps"}, "geometry": {"type": "LineString", "coordinates": [[118.7022747, 32.200796], [118.7024563, 32.2008754]]}}, {"type": "Feature", "properties": {"osm_id": "way/1498513296", "highway": "service"}, "geometry": {"type": "LineString", "coordinates": [[118.704323, 32.2003089], [118.7043965, 32.2001963]]}}, {"type": "Feature", "properties": {"osm_id": "way/1498513297", "highway": "service"}, "geometry": {"type": "LineString", "coordinates": [[118.7042564, 32.2008609], [118.7046413, 32.2010487]]}}, {"type": "Feature", "properties": {"osm_id": "way/404874360", "highway": "service"}, "geometry": {"type": "LineString", "coordinates": [[118.7097014, 32.2061103], [118.7102293, 32.2061954], [118.7112543, 32.2062788], [118.7114816, 32.2062763], [118.7121788, 32.2063605], [118.7123015, 32.2064217], [118.7125942, 32.2064603], [118.712959, 32.2065216], [118.7137261, 32.2066305], [118.714324, 32.2066944]]}}, {"type": "Feature", "properties": {"osm_id": "way/586028697", "highway": "service"}, "geometry": {"type": "LineString", "coordinates": [[118.7050036, 32.2030628], [118.7050626, 32.2030855], [118.7054622, 32.2032648], [118.7059866, 32.2034861], [118.7061529, 32.2035485], [118.7062521, 32.2035791], [118.7065646, 32.2037039], [118.7067108, 32.2037539], [118.707388, 32.2039786], [118.7075446, 32.2040299], [118.7079325, 32.2041215], [118.70818, 32.2041809], [118.7084287, 32.2042407], [118.7086976, 32.204287], [118.7089035, 32.2043224], [118.7094748, 32.2044404], [118.7097093, 32.2044767], [118.7101051, 32.204538], [118.7103204, 32.2045625], [118.7108615, 32.2046242], [118.7113928, 32.2046739], [118.7118566, 32.2047275], [118.7120827, 32.2047463], [118.7122938, 32.2047786], [118.7125211, 32.2048243], [118.7128289, 32.2048716], [118.7136108, 32.2049465], [118.7138522, 32.2049761], [118.7143306, 32.2050465], [118.7148957, 32.2051058]]}}, {"type": "Feature", "properties": {"osm_id": "way/590010702", "highway": "secondary", "name": "盘城新街", "ref": "X201", "surface": "asphalt"}, "geometry": {"type": "LineString", "coordinates": [[118.714411, 32.2068949], [118.7142943, 32.2071222], [118.7142273, 32.2073094], [118.7141307, 32.2075136], [118.7139242, 32.2079312], [118.7137043, 32.2083852], [118.7136361, 32.2085515], [118.713545, 32.2086944], [118.7134257, 32.2088205], [118.7133078, 32.2089652], [118.7123565, 32.2101326], [118.7113769, 32.2114344], [118.7106128, 32.2124497], [118.7101463, 32.2130573], [118.7095087, 32.2138879], [118.7094648, 32.2139451], [118.7088048, 32.214804], [118.708518, 32.2153158], [118.7084742, 32.2159835], [118.7084766, 32.2162875], [118.7084922, 32.2164044], [118.7085624, 32.2168614], [118.7088011, 32.2175047], [118.7091415, 32.2183234], [118.7098669, 32.2192322]]}}, {"type": "Feature", "properties": {"osm_id": "way/656927781", "highway": "tertiary", "name": "龙山北路"}, "geometry": {"type": "LineString", "coordinates": [[118.7175982, 32.2047482], [118.7174645, 32.2047504], [118.7172734, 32.2047442], [118.7170414, 32.2047138], [118.7165947, 32.204579], [118.7155685, 32.204224], [118.715335, 32.2041831], [118.7108823, 32.202624], [118.7107025, 32.2025619], [118.7105755, 32.2025206], [118.7096701, 32.2021959], [118.7091315, 32.2019734], [118.7084348, 32.2016355], [118.7046772, 32.1997989], [118.702491, 32.1987304], [118.7004526, 32.1978043], [118.6994011, 32.197423], [118.6989934, 32.1973685]]}}, {"type": "Feature", "properties": {"osm_id": "way/682188144", "highway": "service"}, "geometry": {"type": "LineString", "coordinates": [[118.7037112, 32.2024606], [118.703856, 32.2022526], [118.7043276, 32.2015047], [118.7046413, 32.2010487], [118.7046499, 32.2010361], [118.7048681, 32.2007012], [118.7048869, 32.200632], [118.7048708, 32.2005707]]}}, {"type": "Feature", "properties": {"osm_id": "way/682188145", "highway": "footway"}, "geometry": {"type": "LineString", "coordinates": [[118.7053848, 32.2056521], [118.7052722, 32.2055571], [118.7051541, 32.2054345], [118.7050361, 32.2052938], [118.7049181, 32.2051486], [118.7048537, 32.205085], [118.7048108, 32.205026], [118.7048108, 32.2049806], [118.7048162, 32.2048626], [118.704843, 32.2047037], [118.704843, 32.2046266], [118.7048645, 32.2045267], [118.7049003, 32.2044438], [118.704902, 32.204386], [118.7049127, 32.2042725], [118.7049181, 32.2042226], [118.7049288, 32.2041363], [118.7048645, 32.2041363]]}}, {"type": "Feature", "properties": {"osm_id": "way/682188154", "highway": "service"}, "geometry": {"type": "LineString", "coordinates": [[118.7071242, 32.205814], [118.7070957, 32.20602], [118.7070394, 32.2062538], [118.7069857, 32.2065148], [118.7069589, 32.2066986], [118.7069656, 32.2068109], [118.7070608, 32.2070231], [118.7071131, 32.2071831], [118.7071426, 32.2073397], [118.7071989, 32.2075372], [118.7072566, 32.2076359], [118.7072982, 32.2076733], [118.7074108, 32.2077028], [118.7076509, 32.2077505], [118.7079258, 32.2077618], [118.7081458, 32.2077618], [118.7082987, 32.2077573], [118.7084918, 32.207763], [118.7086272, 32.2077755], [118.7087439, 32.2077913], [118.7088832, 32.2078159], [118.7089695, 32.2078198], [118.7093407, 32.2078174], [118.709967, 32.2077675], [118.7102162, 32.2077502], [118.7105718, 32.2077255], [118.7109134, 32.2077405], [118.7112297, 32.2077057], [118.7114187, 32.207671], [118.7116693, 32.2075962], [118.7118003, 32.2075771]]}}, {"type": "Feature", "properties": {"osm_id": "way/682188163", "highway": "footway"}, "geometry": {"type": "LineString", "coordinates": [[118.7053794, 32.2033874], [118.7052829, 32.2034237], [118.7052292, 32.2035145], [118.7052024, 32.2035871], [118.7051863, 32.203696], [118.705181, 32.2037959], [118.7052292, 32.2039593], [118.7053902, 32.2040183], [118.7054867, 32.2041681], [118.7054867, 32.2042544], [118.705439, 32.2044168], [118.7054277, 32.2044685], [118.7054224, 32.2044949], [118.7053741, 32.2046447], [118.7053687, 32.2047491], [118.7053687, 32.2048717], [118.7053687, 32.2049534], [118.7053902, 32.2050759], [118.7054492, 32.2052076], [118.7055028, 32.205262], [118.7056423, 32.205321], [118.705755, 32.2053437], [118.7058408, 32.2053801], [118.7059159, 32.2054663], [118.7059534, 32.2055026], [118.7059624, 32.2056206], [118.7060738, 32.2056274], [118.7061019, 32.2056807]]}}, {"type": "Feature", "properties": {"osm_id": "way/682188164", "highway": "service"}, "geometry": {"type": "LineString", "coordinates": [[118.7024613, 32.2018722], [118.7029612, 32.2011061], [118.7031134, 32.2008751], [118.7034063, 32.2004389], [118.7035155, 32.2002951], [118.7036064, 32.2001561], [118.7036958, 32.2000502]]}}, {"type": "Feature", "properties": {"osm_id": "way/971602089", "highway": "service"}, "geometry": {"type": "LineString", "coordinates": [[118.7031134, 32.2008751], [118.7035137, 32.2010449], [118.703925, 32.2012533], [118.7039719, 32.2012635], [118.7040001, 32.2012601], [118.7040581, 32.2011983], [118.7042564, 32.2008609], [118.7044363, 32.2006229], [118.704552, 32.2004024]]}}, {"type": "Feature", "properties": {"osm_id": "way/971602093", "highway": "service"}, "geometry": {"type": "LineString", "coordinates": [[118.703118, 32.1996799], [118.7030523, 32.199664], [118.7029973, 32.1996912], [118.7024595, 32.2005117], [118.7022747, 32.200796], [118.7017876, 32.2015455], [118.700873, 32.2029448], [118.7005779, 32.2033805], [118.7004438, 32.2035859], [118.7003298, 32.2038628], [118.7002379, 32.2041278], [118.7001474, 32.2044086], [118.7000696, 32.2048103], [118.7000468, 32.205043], [118.7000501, 32.2051351], [118.7000576, 32.2053426], [118.7000978, 32.2056523], [118.7001393, 32.20587], [118.7001568, 32.2059621], [118.700366, 32.2068155], [118.7004013, 32.206963], [118.7004116, 32.2070061], [118.7004653, 32.2072024], [118.7005296, 32.2073284], [118.7005405, 32.2073469], [118.7008113, 32.207805]]}}, {"type": "Feature", "properties": {"osm_id": "way/971602094", "highway": "service"}, "geometry": {"type": "LineString", "coordinates": [[118.7118566, 32.2047275], [118.7116447, 32.2055763], [118.7115709, 32.2059167], [118.71152, 32.2061323], [118.7115039, 32.2061698], [118.7114816, 32.2062763], [118.7114458, 32.2064614], [118.7114424, 32.2065385], [118.7114944, 32.2065682], [118.7115405, 32.2065945], [118.7122282, 32.2067051]]}}, {"type": "Feature", "properties": {"osm_id": "way/971602099", "highway": "service"}, "geometry": {"type": "LineString", "coordinates": [[118.7114006, 32.2070776], [118.7114596, 32.207123], [118.7115133, 32.2072058], [118.7115186, 32.2073386], [118.7115307, 32.2074316], [118.7115495, 32.2074804], [118.711583, 32.2075099], [118.7116514, 32.2075338], [118.7118003, 32.2075771], [118.712032, 32.2076108], [118.7125996, 32.2076767], [118.7129, 32.2077176], [118.7135135, 32.2077966], [118.7135343, 32.2078628], [118.7137596, 32.2079026]]}}, {"type": "Feature", "properties": {"osm_id": "way/971602100", "highway": "service"}, "geometry": {"type": "LineString", "coordinates": [[118.7081458, 32.2077618], [118.7081766, 32.2075043], [118.7082115, 32.2074464], [118.7082718, 32.2074339], [118.708976, 32.207522], [118.7094091, 32.2075633], [118.7095043, 32.2075508], [118.7096196, 32.2075179], [118.7097444, 32.2075043], [118.7098838, 32.2075088], [118.7101467, 32.2075349], [118.7101936, 32.2075553], [118.7102178, 32.2075769], [118.7102164, 32.2076234], [118.7102162, 32.2077502]]}}, {"type": "Feature", "properties": {"osm_id": "way/971602101", "highway": "service"}, "geometry": {"type": "LineString", "coordinates": [[118.7089477, 32.2076767], [118.7089695, 32.2078198], [118.7089866, 32.2079321], [118.7089799, 32.2080705], [118.7089779, 32.2082128]]}}, {"type": "Feature", "properties": {"osm_id": "way/971602102", "highway": "service"}, "geometry": {"type": "LineString", "coordinates": [[118.7088189, 32.2082196], [118.7088341, 32.2080535], [118.7088566, 32.2078935], [118.7088832, 32.2078159], [118.7089477, 32.2076767], [118.7089652, 32.2075723], [118.708976, 32.207522], [118.7090296, 32.2072716], [118.7090524, 32.2071888], [118.7090792, 32.2071264], [118.7091207, 32.2070867], [118.7092347, 32.2070708], [118.7095633, 32.2071218], [118.709617, 32.2071264], [118.7096371, 32.2071026], [118.7096424, 32.2069811], [118.7096558, 32.2068211], [118.7096331, 32.2067088], [118.7096156, 32.2066362], [118.7095968, 32.206542], [118.7095946, 32.2062945], [118.7096213, 32.2060998], [118.7096645, 32.2057001], [118.709685, 32.2055958]]}}, {"type": "Feature", "properties": {"osm_id": "way/971602103", "highway": "service"}, "geometry": {"type": "LineString", "coordinates": [[118.7063919, 32.2057357], [118.706114, 32.2075587], [118.7061549, 32.2077403], [118.7061355, 32.2078299]]}}, {"type": "Feature", "properties": {"osm_id": "way/971606032", "highway": "footway"}, "geometry": {"type": "LineString", "coordinates": [[118.705439, 32.2044168], [118.7053148, 32.2043941]]}}, {"type": "Feature", "properties": {"osm_id": "way/971606033", "highway": "service", "lanes": "2", "maxspeed": "30"}, "geometry": {"type": "LineString", "coordinates": [[118.7056728, 32.2056592], [118.7053848, 32.2056521], [118.7048748, 32.2056319], [118.70427, 32.2056319]]}}, {"type": "Feature", "properties": {"osm_id": "way/1114843843", "highway": "service"}, "geometry": {"type": "LineString", "coordinates": [[118.7028605, 32.2075701], [118.7028566, 32.2077685], [118.7028636, 32.2078995], [118.7028707, 32.2079795]]}}, {"type": "Feature", "properties": {"osm_id": "way/1498513295", "highway": "footway"}, "geometry": {"type": "LineString", "coordinates": [[118.7050036, 32.2030628], [118.7051184, 32.2028786], [118.7052615, 32.202125], [118.7054444, 32.2021475], [118.7063527, 32.2022647]]}}, {"type": "Feature", "properties": {"osm_id": "way/682188146", "highway": "service"}, "geometry": {"type": "LineString", "coordinates": [[118.7037296, 32.2056382], [118.7037402, 32.2054662], [118.7037644, 32.2052654], [118.7037966, 32.205035], [118.7038415, 32.204774], [118.7038629, 32.2046123], [118.7038931, 32.2044818], [118.7038949, 32.2043859], [118.7039539, 32.2040467], [118.7041774, 32.2026701]]}}, {"type": "Feature", "properties": {"osm_id": "way/682188149", "highway": "service"}, "geometry": {"type": "LineString", "coordinates": [[118.7029355, 32.2020923], [118.7027585, 32.2025113], [118.7026271, 32.2028404], [118.7025484, 32.2030334], [118.7025078, 32.2031331], [118.7024152, 32.2033646], [118.7023106, 32.2036551], [118.7022287, 32.2038648], [118.7021953, 32.2039502], [118.7021175, 32.2041794], [118.7020706, 32.2043065], [118.7020357, 32.2044404], [118.70197, 32.2046606], [118.7019271, 32.204883], [118.7019029, 32.2050877], [118.7018976, 32.2051326], [118.7018909, 32.2053312], [118.7018761, 32.205506], [118.7018681, 32.2056172], [118.7018654, 32.2057079]]}}, {"type": "Feature", "properties": {"osm_id": "way/682188165", "highway": "service"}, "geometry": {"type": "LineString", "coordinates": [[118.7012498, 32.204235], [118.7016468, 32.2042702], [118.7019002, 32.204294], [118.7020706, 32.2043065], [118.7021658, 32.2043247], [118.7024219, 32.2043598], [118.7027773, 32.204403], [118.7029395, 32.2044302], [118.7030911, 32.2044427], [118.7034117, 32.2044642], [118.7036557, 32.2044847], [118.7038931, 32.2044818]]}}, {"type": "Feature", "properties": {"osm_id": "way/682188167", "highway": "footway"}, "geometry": {"type": "LineString", "coordinates": [[118.7051813, 32.2043775], [118.7051422, 32.2043845], [118.7050827, 32.2044052], [118.7050378, 32.2044171], [118.704966, 32.2044359], [118.7049003, 32.2044438], [118.7048198, 32.2044149], [118.7047521, 32.2044001], [118.7046821, 32.2044132], [118.7046016, 32.2044268], [118.7045372, 32.2044859], [118.7044839, 32.2045624], [118.7044175, 32.2046163]]}}, {"type": "Feature", "properties": {"osm_id": "way/682188173", "highway": "service"}, "geometry": {"type": "LineString", "coordinates": [[118.7028126, 32.2056745], [118.7028233, 32.2053801], [118.7028555, 32.2051304], [118.7028823, 32.204908], [118.7029092, 32.2047083], [118.7029395, 32.2044302]]}}, {"type": "Feature", "properties": {"osm_id": "way/971602090", "highway": "service"}, "geometry": {"type": "LineString", "coordinates": [[118.7026406, 32.2056714], [118.7026903, 32.2061326], [118.7027451, 32.2066419], [118.7028573, 32.2075447], [118.7028605, 32.2075701]]}}, {"type": "Feature", "properties": {"osm_id": "way/971602091", "highway": "service"}, "geometry": {"type": "LineString", "coordinates": [[118.7010741, 32.2050475], [118.7011063, 32.2054594], [118.7011492, 32.2057633]]}}, {"type": "Feature", "properties": {"osm_id": "way/971602092", "highway": "service"}, "geometry": {"type": "LineString", "coordinates": [[118.7000501, 32.2051351], [118.7007174, 32.2050691], [118.7010741, 32.2050475], [118.7013665, 32.2050486], [118.7019029, 32.2050877]]}}, {"type": "Feature", "properties": {"osm_id": "way/971606031", "bridge": "yes", "highway": "footway", "layer": "1"}, "geometry": {"type": "LineString", "coordinates": [[118.7053148, 32.2043941], [118.7051813, 32.2043775]]}}, {"type": "Feature", "properties": {"osm_id": "way/971606035", "bridge": "yes", "highway": "service", "layer": "1"}, "geometry": {"type": "LineString", "coordinates": [[118.704612, 32.2028699], [118.7046753, 32.2029011], [118.7050036, 32.2030628]]}}, {"type": "Feature", "properties": {"osm_id": "way/971606036", "highway": "service"}, "geometry": {"type": "LineString", "coordinates": [[118.7017876, 32.2015455], [118.7024613, 32.2018722], [118.7029355, 32.2020923], [118.7033218, 32.202282], [118.7037112, 32.2024606], [118.7038019, 32.2025022], [118.7041774, 32.2026701], [118.704612, 32.2028699]]}}, {"type": "Feature", "properties": {"osm_id": "way/971606043", "highway": "service", "lanes": "2", "maxspeed": "30"}, "geometry": {"type": "LineString", "coordinates": [[118.7037818, 32.2056365], [118.7037296, 32.2056382], [118.7034479, 32.2056433], [118.7030536, 32.2056569], [118.7028126, 32.2056745], [118.7027103, 32.2056682], [118.7026406, 32.2056714], [118.7021899, 32.2056921], [118.7018654, 32.2057079], [118.7017031, 32.2057227], [118.7012109, 32.2057567], [118.7011492, 32.2057633], [118.7001393, 32.20587]]}}, {"type": "Feature", "properties": {"osm_id": "way/971606044", "bridge": "yes", "highway": "service", "lanes": "2", "layer": "1", "maxspeed": "30"}, "geometry": {"type": "LineString", "coordinates": [[118.70427, 32.2056319], [118.7037818, 32.2056365]]}}, {"type": "Feature", "properties": {"osm_id": "way/971606045", "highway": "footway"}, "geometry": {"type": "LineString", "coordinates": [[118.7040514, 32.2045159], [118.7039669, 32.2044915], [118.7038931, 32.2044818]]}}, {"type": "Feature", "properties": {"osm_id": "way/971606046", "bridge": "yes", "highway": "footway", "layer": "1"}, "geometry": {"type": "LineString", "coordinates": [[118.7044175, 32.2046163], [118.7043659, 32.2046305], [118.7042941, 32.2046328], [118.7042378, 32.2046299], [118.7041929, 32.2046067], [118.7041473, 32.2045647], [118.704105, 32.2045448], [118.7040514, 32.2045159]]}}, {"type": "Feature", "properties": {"osm_id": "way/1057165398", "highway": "footway"}, "geometry": {"type": "LineString", "coordinates": [[118.7022287, 32.2038648], [118.7025094, 32.2039127], [118.7026717, 32.2039509]]}}, {"type": "Feature", "properties": {"osm_id": "way/1057165399", "highway": "footway"}, "geometry": {"type": "LineString", "coordinates": [[118.7025484, 32.2030334], [118.7027682, 32.2030836]]}}, {"type": "Feature", "properties": {"osm_id": "way/1057168423", "highway": "footway"}, "geometry": {"type": "LineString", "coordinates": [[118.7041997, 32.205731], [118.704143, 32.206163], [118.7040901, 32.2067588], [118.7040623, 32.2071362], [118.7040298, 32.2074348]]}}, {"type": "Feature", "properties": {"osm_id": "way/1114843840", "highway": "service"}, "geometry": {"type": "LineString", "coordinates": [[118.7005405, 32.2073469], [118.7008903, 32.2073238], [118.7024609, 32.2072201]]}}, {"type": "Feature", "properties": {"osm_id": "way/1114843841", "highway": "service"}, "geometry": {"type": "LineString", "coordinates": [[118.7004013, 32.206963], [118.7009142, 32.2069242], [118.7009836, 32.2069893], [118.7015844, 32.2069463], [118.7016075, 32.2068812], [118.7015721, 32.2068212], [118.7009697, 32.206859], [118.7009142, 32.2069242]]}}, {"type": "Feature", "properties": {"osm_id": "way/1114843842", "highway": "service"}, "geometry": {"type": "LineString", "coordinates": [[118.7008903, 32.2073238], [118.7009365, 32.2076584], [118.7028573, 32.2075447]]}}, {"type": "Feature", "properties": {"osm_id": "way/1114843844", "highway": "service"}, "geometry": {"type": "LineString", "coordinates": [[118.7028573, 32.2075447], [118.7035732, 32.2074952]]}}, {"type": "Feature", "properties": {"osm_id": "way/1114843845", "highway": "service"}, "geometry": {"type": "LineString", "coordinates": [[118.7026903, 32.2061326], [118.7036198, 32.2061001]]}}, {"type": "Feature", "properties": {"osm_id": "way/586028701", "highway": "service", "lanes": "2", "maxspeed": "30"}, "geometry": {"type": "LineString", "coordinates": [[118.7092096, 32.20609], [118.7086465, 32.2060139], [118.7083423, 32.2059587], [118.708015, 32.2059101], [118.7077584, 32.2058768], [118.7072203, 32.205823], [118.7071242, 32.205814], [118.7063919, 32.2057357], [118.7063313, 32.2057273], [118.7061569, 32.2056841], [118.7061019, 32.2056807], [118.7060335, 32.2056818]]}}, {"type": "Feature", "properties": {"osm_id": "way/682188152", "highway": "service"}, "geometry": {"type": "LineString", "coordinates": [[118.7063313, 32.2057273], [118.7063849, 32.2054685], [118.7064747, 32.2051928], [118.7065123, 32.2049511], [118.706574, 32.20458], [118.7066263, 32.204281], [118.7066773, 32.2039978], [118.7067108, 32.2037539]]}}, {"type": "Feature", "properties": {"osm_id": "way/682188160", "highway": "service"}, "geometry": {"type": "LineString", "coordinates": [[118.7072203, 32.205823], [118.7072651, 32.2056629], [118.7073023, 32.2053713], [118.7073554, 32.2051605], [118.7073881, 32.2049355], [118.7074186, 32.2046291], [118.7074638, 32.2043839], [118.7075123, 32.204169], [118.7075446, 32.2040299]]}}, {"type": "Feature", "properties": {"osm_id": "way/682188171", "highway": "service"}, "geometry": {"type": "LineString", "coordinates": [[118.706102, 32.2015218], [118.7064251, 32.2015308], [118.7064493, 32.2015807], [118.7064627, 32.2016431], [118.7063581, 32.2022344], [118.7063527, 32.2022647], [118.7062776, 32.2026894], [118.7062253, 32.2029958], [118.7061958, 32.2032489], [118.7061703, 32.203427], [118.7061529, 32.2035485]]}}, {"type": "Feature", "properties": {"osm_id": "way/682188174", "highway": "footway"}, "geometry": {"type": "LineString", "coordinates": [[118.70818, 32.2041809], [118.7081421, 32.2044087], [118.7081099, 32.204504], [118.7080617, 32.2045812], [118.7080026, 32.2046356], [118.7079383, 32.2046674], [118.7078685, 32.2046856], [118.7077988, 32.2047219], [118.7077398, 32.2047673], [118.7076808, 32.2048535], [118.7076218, 32.2049398], [118.7075789, 32.2050669], [118.7075681, 32.2051531], [118.7075574, 32.2052393], [118.7075896, 32.2053574], [118.7076325, 32.2054527], [118.7077291, 32.2055253], [118.7078095, 32.2056206], [118.7078685, 32.2056524], [118.7079758, 32.2056796], [118.7080456, 32.2056932], [118.7080509, 32.2057795], [118.708015, 32.2059101]]}}, {"type": "Feature", "properties": {"osm_id": "way/682188175", "highway": "service"}, "geometry": {"type": "LineString", "coordinates": [[118.7072942, 32.2015092], [118.7076294, 32.2017691], [118.7077716, 32.2018326], [118.7078065, 32.2018916], [118.707882, 32.2019935], [118.7078588, 32.2020324], [118.7078324, 32.2021652], [118.7077373, 32.2026626], [118.7076873, 32.2030205], [118.7076265, 32.2034495], [118.7075799, 32.2037377], [118.7075735, 32.2037899], [118.7075446, 32.2040299]]}}, {"type": "Feature", "properties": {"osm_id": "way/682188178", "highway": "footway"}, "geometry": {"type": "LineString", "coordinates": [[118.7083423, 32.2059587], [118.7083621, 32.2058567], [118.7083621, 32.2058022], [118.7083674, 32.2057477], [118.7083674, 32.2057114], [118.7084211, 32.2057069], [118.7085284, 32.2056887], [118.7086088, 32.2056706], [118.7087054, 32.2056297], [118.7087698, 32.2055843], [118.7088288, 32.2055344], [118.7088931, 32.2054663], [118.7089361, 32.2053801], [118.7089575, 32.2053074], [118.708979, 32.2052257], [118.7089736, 32.2051622], [118.7089736, 32.205085], [118.7089629, 32.2050169], [118.7089253, 32.2049307], [118.7088931, 32.2048762], [118.7088502, 32.2048263], [118.7087966, 32.2047809], [118.7086947, 32.2047219], [118.7086249, 32.2046856], [118.708641, 32.2046266], [118.7086464, 32.2045539], [118.7086464, 32.2045085], [118.7086976, 32.204287]]}}, {"type": "Feature", "properties": {"osm_id": "way/971602079", "highway": "service", "name": "1960街区"}, "geometry": {"type": "LineString", "coordinates": [[118.7113862, 32.2030939], [118.7113879, 32.203502], [118.7113928, 32.2037694], [118.7113928, 32.2046739]]}}, {"type": "Feature", "properties": {"osm_id": "way/971602080", "highway": "service"}, "geometry": {"type": "LineString", "coordinates": [[118.7099305, 32.202904], [118.7097093, 32.2044767]]}}, {"type": "Feature", "properties": {"osm_id": "way/971602081", "highway": "service"}, "geometry": {"type": "LineString", "coordinates": [[118.7105755, 32.2025206], [118.7105196, 32.2026366], [118.7104856, 32.2026985], [118.7103948, 32.2029497], [118.7103936, 32.2032072], [118.7103871, 32.2033627], [118.7103833, 32.203489], [118.710539, 32.2034861], [118.7113879, 32.203502]]}}, {"type": "Feature", "properties": {"osm_id": "way/971602082", "highway": "service"}, "geometry": {"type": "LineString", "coordinates": [[118.7084961, 32.2038111], [118.7086595, 32.202762]]}}, {"type": "Feature", "properties": {"osm_id": "way/971602083", "highway": "service"}, "geometry": {"type": "LineString", "coordinates": [[118.7077373, 32.2026626], [118.7083681, 32.2027309], [118.7086595, 32.202762], [118.7089799, 32.2027946], [118.7091179, 32.2028145], [118.7099305, 32.202904], [118.7102311, 32.2029363], [118.7103948, 32.2029497]]}}, {"type": "Feature", "properties": {"osm_id": "way/971602084", "highway": "service"}, "geometry": {"type": "LineString", "coordinates": [[118.707882, 32.2019935], [118.7083241, 32.2020437], [118.7084475, 32.2020539], [118.7084703, 32.2020642], [118.7084757, 32.2020869], [118.7084099, 32.202501], [118.7083681, 32.2027309]]}}, {"type": "Feature", "properties": {"osm_id": "way/971602085", "highway": "service"}, "geometry": {"type": "LineString", "coordinates": [[118.7089035, 32.2043224], [118.7089477, 32.2038549], [118.7090269, 32.2033136], [118.7091179, 32.2028145]]}}, {"type": "Feature", "properties": {"osm_id": "way/971602086", "highway": "service"}, "geometry": {"type": "LineString", "coordinates": [[118.7075799, 32.2037377], [118.7084961, 32.2038111], [118.7087627, 32.2038367], [118.7089477, 32.2038549]]}}, {"type": "Feature", "properties": {"osm_id": "way/971606034", "bridge": "yes", "highway": "service", "lanes": "2", "layer": "1", "maxspeed": "30"}, "geometry": {"type": "LineString", "coordinates": [[118.7060335, 32.2056818], [118.7056728, 32.2056592]]}}, {"type": "Feature", "properties": {"osm_id": "way/1245446547", "highway": "service", "maxspeed": "30"}, "geometry": {"type": "LineString", "coordinates": [[118.7092096, 32.20609], [118.7097014, 32.2061103]]}}, {"type": "Feature", "properties": {"osm_id": "way/1316305736", "highway": "service"}, "geometry": {"type": "LineString", "coordinates": [[118.7103833, 32.203489], [118.7103711, 32.2036973], [118.7103204, 32.2045625]]}}, {"type": "Feature", "properties": {"osm_id": "way/1316305737", "highway": "footway"}, "geometry": {"type": "LineString", "coordinates": [[118.7103711, 32.2036973], [118.7113928, 32.2037694]]}}, {"type": "Feature", "properties": {"osm_id": "way/1316305738", "highway": "service"}, "geometry": {"type": "LineString", "coordinates": [[118.7104856, 32.2026985], [118.7108588, 32.2027984], [118.7113293, 32.202951], [118.7113788, 32.2030101], [118.7113862, 32.2030939]]}}, {"type": "Feature", "properties": {"osm_id": "way/1424986315", "highway": "service", "oneway": "yes"}, "geometry": {"type": "LineString", "coordinates": [[118.7106872, 32.2018361], [118.7106449, 32.2018219], [118.7106235, 32.2017941], [118.7106342, 32.2017657], [118.7106657, 32.2017413], [118.7107207, 32.2017192]]}}, {"type": "Feature", "properties": {"osm_id": "way/1424986316", "highway": "service"}, "geometry": {"type": "LineString", "coordinates": [[118.7107025, 32.2025619], [118.7107582, 32.2023876], [118.7108682, 32.2022684]]}}, {"type": "Feature", "properties": {"osm_id": "way/1424986317", "highway": "service", "oneway": "yes"}, "geometry": {"type": "LineString", "coordinates": [[118.7108682, 32.2022684], [118.7108749, 32.2021073], [118.7108508, 32.2020244], [118.7107462, 32.2018826], [118.7106872, 32.2018361], [118.7107207, 32.2017192], [118.710769, 32.2016897], [118.71084, 32.2016919], [118.7109098, 32.2017487], [118.7110104, 32.2019189], [118.7110399, 32.2021425], [118.711001, 32.2022469], [118.7109312, 32.2022718], [118.7108682, 32.2022684]]}}, {"type": "Feature", "properties": {"osm_id": "way/1498513291", "highway": "service"}, "geometry": {"type": "LineString", "coordinates": [[118.7114006, 32.2070776], [118.7114944, 32.2065682]]}}, {"type": "Feature", "properties": {"osm_id": "way/188237670", "highway": "unclassified", "name": "龙富路"}, "geometry": {"type": "LineString", "coordinates": [[118.7188965, 32.1996742], [118.7199782, 32.1994746]]}}, {"type": "Feature", "properties": {"osm_id": "way/585661121", "highway": "steps"}, "geometry": {"type": "LineString", "coordinates": [[118.7190208, 32.1967599], [118.7190489, 32.1969675]]}}, {"type": "Feature", "properties": {"osm_id": "way/1057180415", "highway": "service"}, "geometry": {"type": "LineString", "coordinates": [[118.7197776, 32.1971389], [118.719926, 32.1969547], [118.7203942, 32.1968033], [118.7205455, 32.1967544], [118.7211445, 32.1967222], [118.7217989, 32.196687], [118.722209, 32.196665]]}}, {"type": "Feature", "properties": {"osm_id": "way/1421123695", "highway": "steps"}, "geometry": {"type": "LineString", "coordinates": [[118.7190489, 32.1969675], [118.719175, 32.197274]]}}, {"type": "Feature", "properties": {"osm_id": "way/1421123696", "bridge": "yes", "highway": "steps"}, "geometry": {"type": "LineString", "coordinates": [[118.7190489, 32.1969675], [118.7197208, 32.1968223]]}}, {"type": "Feature", "properties": {"osm_id": "way/1421123697", "highway": "steps"}, "geometry": {"type": "LineString", "coordinates": [[118.7197208, 32.1968223], [118.7196618, 32.1964875]]}}, {"type": "Feature", "properties": {"osm_id": "way/1421123698", "highway": "steps"}, "geometry": {"type": "LineString", "coordinates": [[118.7197208, 32.1968223], [118.7198147, 32.1970028]]}}, {"type": "Feature", "properties": {"osm_id": "way/1421123699", "highway": "service"}, "geometry": {"type": "LineString", "coordinates": [[118.7233325, 32.1996147], [118.7235028, 32.1995709], [118.7236032, 32.2000854]]}}, {"type": "Feature", "properties": {"osm_id": "way/1421123700", "highway": "service"}, "geometry": {"type": "LineString", "coordinates": [[118.7237881, 32.2000601], [118.7236032, 32.2000854], [118.723423, 32.2001101], [118.7232412, 32.200135], [118.723142, 32.1996606], [118.7233324, 32.1996141], [118.7233325, 32.1996147], [118.723423, 32.2001101]]}}, {"type": "Feature", "properties": {"osm_id": "way/1421123704", "highway": "service"}, "geometry": {"type": "LineString", "coordinates": [[118.7217459, 32.1960676], [118.7217084, 32.1956477], [118.72107, 32.1956874], [118.7211445, 32.1967222]]}}, {"type": "Feature", "properties": {"osm_id": "way/1421123705", "highway": "service"}, "geometry": {"type": "LineString", "coordinates": [[118.7203592, 32.1959541], [118.7203942, 32.1968033]]}}, {"type": "Feature", "properties": {"osm_id": "way/1421123706", "highway": "service"}, "geometry": {"type": "LineString", "coordinates": [[118.7217674, 32.196256], [118.7217989, 32.196687]]}}, {"type": "Feature", "properties": {"osm_id": "way/1421123707", "highway": "service"}, "geometry": {"type": "LineString", "coordinates": [[118.7205765, 32.1952664], [118.7198147, 32.1953458], [118.7196799, 32.1951364]]}}, {"type": "Feature", "properties": {"osm_id": "way/1421123708", "highway": "service"}, "geometry": {"type": "LineString", "coordinates": [[118.7201607, 32.1950508], [118.7196799, 32.1951364], [118.7192084, 32.1952205]]}}, {"type": "Feature", "properties": {"osm_id": "way/1445721775", "highway": "unclassified", "name": "桃湖北路"}, "geometry": {"type": "LineString", "coordinates": [[118.7224076, 32.1971312], [118.7231241, 32.199453]]}}, {"type": "Feature", "properties": {"osm_id": "way/1503263391", "highway": "residential"}, "geometry": {"type": "LineString", "coordinates": [[118.723893, 32.2005251], [118.7247741, 32.2004164], [118.724758, 32.2007183]]}}, {"type": "Feature", "properties": {"osm_id": "way/93553383", "highway": "secondary", "lanes": "3", "name": "凤滨路", "name:en": "Xinhua West Road", "oneway": "yes"}, "geometry": {"type": "LineString", "coordinates": [[118.7218391, 32.2041349], [118.7219786, 32.2041155], [118.7220351, 32.2041094], [118.7224073, 32.2040693], [118.7244769, 32.2037461], [118.7252863, 32.2036368], [118.7254175, 32.2036191], [118.7265579, 32.2034637], [118.7267069, 32.2034372], [118.7270241, 32.2033809], [118.7272175, 32.2033597], [118.7274005, 32.2033396], [118.7275544, 32.2033227]]}}, {"type": "Feature", "properties": {"osm_id": "way/404874359", "highway": "cycleway"}, "geometry": {"type": "LineString", "coordinates": [[118.7155711, 32.2042929], [118.7165639, 32.204639], [118.7170453, 32.2047887], [118.7172324, 32.2048041], [118.7175898, 32.2048126], [118.7178862, 32.2047763], [118.7186643, 32.2046623], [118.7186989, 32.2046572], [118.7190159, 32.2046148], [118.7193304, 32.2045728], [118.7195395, 32.2045445], [118.7198295, 32.2045051], [118.7208474, 32.2043553], [118.7212772, 32.204298], [118.7213154, 32.204294], [118.7213677, 32.2043939], [118.7221772, 32.2070627], [118.7222709, 32.2073717], [118.7229072, 32.2072454], [118.7222469, 32.2050584], [118.7220314, 32.204345], [118.7220248, 32.2042644], [118.7219786, 32.2041155], [118.7218988, 32.2040243], [118.7216787, 32.2033464], [118.7214133, 32.2024296], [118.7211826, 32.2016307]]}}, {"type": "Feature", "properties": {"osm_id": "way/408835515", "highway": "residential"}, "geometry": {"type": "LineString", "coordinates": [[118.7236356, 32.1992893], [118.7237881, 32.2000601], [118.723893, 32.2005251], [118.7239346, 32.2008159], [118.7240083, 32.2011413], [118.7233512, 32.2012448], [118.7232386, 32.2009282], [118.7239346, 32.2008159]]}}, {"type": "Feature", "properties": {"osm_id": "way/408835518", "highway": "service"}, "geometry": {"type": "LineString", "coordinates": [[118.7211796, 32.2002373], [118.7223403, 32.2038959]]}}, {"type": "Feature", "properties": {"osm_id": "way/408835520", "highway": "residential"}, "geometry": {"type": "LineString", "coordinates": [[118.7231607, 32.2030081], [118.7243373, 32.2028753], [118.72477, 32.2028265], [118.7252957, 32.2027448], [118.725403, 32.2014012], [118.7254241, 32.2012333], [118.7254614, 32.200936], [118.7255398, 32.2003118], [118.7257182, 32.1990544], [118.7257411, 32.1989479], [118.7264478, 32.19894]]}}, {"type": "Feature", "properties": {"osm_id": "way/585661119", "highway": "footway"}, "geometry": {"type": "LineString", "coordinates": [[118.7155594, 32.2043167], [118.7166779, 32.2047025], [118.7170574, 32.2048035], [118.7174222, 32.2048478], [118.7177588, 32.2048228], [118.7186721, 32.2046991], [118.7189426, 32.2046618], [118.7190107, 32.2046524], [118.7193238, 32.2046093], [118.7193811, 32.2046016], [118.7195449, 32.2045796], [118.7205215, 32.2044484], [118.7212872, 32.2043371], [118.7211887, 32.2044266], [118.7211652, 32.2044302]]}}, {"type": "Feature", "properties": {"osm_id": "way/590302085", "highway": "service", "oneway": "yes"}, "geometry": {"type": "LineString", "coordinates": [[118.7224953, 32.207845], [118.7222877, 32.2076472], [118.7220691, 32.2076155], [118.7218961, 32.2076087], [118.721762, 32.2075957], [118.7217084, 32.2075905], [118.7216051, 32.2075644], [118.7213127, 32.2074555]]}}, {"type": "Feature", "properties": {"osm_id": "way/656927780", "highway": "primary", "layer": "2", "name": "六合大道", "name:en": "Luhe Dadao", "name:zh": "六合大道", "oneway": "yes", "ref": "G328"}, "geometry": {"type": "LineString", "coordinates": [[118.7213513, 32.2042204], [118.7213224, 32.20413], [118.7211933, 32.2037266], [118.7207272, 32.2021551], [118.7199782, 32.1994746]]}}, {"type": "Feature", "properties": {"osm_id": "way/656927784", "bridge": "yes", "highway": "trunk", "highway:CN": "1", "layer": "1", "maxspeed": "80", "motorroad": "yes", "name": "江北大道快速路", "oneway": "yes", "ref": "G328;G205", "surface": "asphalt"}, "geometry": {"type": "LineString", "coordinates": [[118.7222989, 32.2059894], [118.7226448, 32.2071558], [118.7228631, 32.2079203], [118.7231619, 32.2089001], [118.7234118, 32.2096623], [118.7236296, 32.2104835], [118.7238471, 32.211204], [118.7243054, 32.2127242]]}}, {"type": "Feature", "properties": {"osm_id": "way/656927790", "bridge": "yes", "highway": "trunk", "highway:CN": "1", "layer": "1", "maxspeed": "80", "motorroad": "yes", "name": "江北大道快速路", "oneway": "yes", "ref": "G328;G205", "surface": "asphalt"}, "geometry": {"type": "LineString", "coordinates": [[118.723913, 32.2122534], [118.7232505, 32.2100734], [118.7224666, 32.2073899], [118.7220898, 32.2061411]]}}, {"type": "Feature", "properties": {"osm_id": "way/656927793", "highway": "primary", "layer": "2", "name": "六合大道", "name:en": "Luhe Dadao", "name:zh": "六合大道", "oneway": "yes", "ref": "G328"}, "geometry": {"type": "LineString", "coordinates": [[118.724753, 32.2155702], [118.7241321, 32.2134288], [118.7232935, 32.2105562], [118.723168, 32.2101433], [118.7231371, 32.2100391], [118.7230205, 32.2096404], [118.7224953, 32.207845], [118.7223553, 32.2074429], [118.722301, 32.2072632], [118.7222276, 32.2070246], [118.7213513, 32.2042204]]}}, {"type": "Feature", "properties": {"osm_id": "way/682188143", "highway": "service"}, "geometry": {"type": "LineString", "coordinates": [[118.718438, 32.2064003], [118.718828, 32.2064422], [118.7189049, 32.2064467], [118.7191392, 32.2064785], [118.7192626, 32.2064921], [118.7194325, 32.2065204]]}}, {"type": "Feature", "properties": {"osm_id": "way/682188151", "highway": "service"}, "geometry": {"type": "LineString", "coordinates": [[118.71881, 32.2097218], [118.7188655, 32.2093493], [118.7188689, 32.2093137], [118.7189256, 32.2088455], [118.7189417, 32.2087513], [118.7190261, 32.2082441], [118.7190972, 32.2079026], [118.7191281, 32.2077017], [118.7191482, 32.2076132], [118.7191911, 32.2075633], [118.7192756, 32.2075587], [118.7196243, 32.2075792]]}}, {"type": "Feature", "properties": {"osm_id": "way/682188153", "highway": "footway"}, "geometry": {"type": "LineString", "coordinates": [[118.72077, 32.2074408], [118.7207431, 32.207586], [118.720727, 32.2076859], [118.7206895, 32.207813]]}}, {"type": "Feature", "properties": {"osm_id": "way/682188155", "highway": "service"}, "geometry": {"type": "LineString", "coordinates": [[118.7151057, 32.2090467], [118.7151697, 32.2088412], [118.7151825, 32.2088001], [118.7152241, 32.2085754], [118.7152751, 32.208344], [118.7153204, 32.2080778], [118.715385, 32.2076983], [118.7154481, 32.2073454], [118.7154923, 32.2071264], [118.715546, 32.206862]]}}, {"type": "Feature", "properties": {"osm_id": "way/682188159", "highway": "service"}, "geometry": {"type": "LineString", "coordinates": [[118.716765, 32.2069619], [118.716698, 32.2073284], [118.7166014, 32.207856], [118.7164834, 32.2083474], [118.7164566, 32.2084994], [118.716409, 32.2087003], [118.7163708, 32.2088444], [118.7163462, 32.2089646]]}}, {"type": "Feature", "properties": {"osm_id": "way/682188169", "highway": "service"}, "geometry": {"type": "LineString", "coordinates": [[118.7196848, 32.2072699], [118.7196327, 32.2075406], [118.7196243, 32.2075792], [118.719926, 32.2076257], [118.7200481, 32.2076506], [118.7201124, 32.2076745], [118.7201326, 32.2077096], [118.7201272, 32.2077845], [118.7200963, 32.2079752], [118.7199756, 32.2087162], [118.7198952, 32.2090883], [118.719812, 32.2094673]]}}, {"type": "Feature", "properties": {"osm_id": "way/682188170", "highway": "service"}, "geometry": {"type": "LineString", "coordinates": [[118.7191697, 32.205355], [118.7192014, 32.2052503], [118.7192126, 32.2052132], [118.7189403, 32.2051723], [118.7188743, 32.2051652], [118.7177051, 32.2050395], [118.7176497, 32.2050343], [118.7175361, 32.2050237], [118.7172082, 32.2049765], [118.7168395, 32.2049186], [118.7165385, 32.2047949], [118.7161664, 32.2047192], [118.7158692, 32.2046764], [118.7157186, 32.2046911]]}}, {"type": "Feature", "properties": {"osm_id": "way/682188372", "highway": "service"}, "geometry": {"type": "LineString", "coordinates": [[118.7182295, 32.2071434], [118.7184817, 32.2071661], [118.7187905, 32.2071925], [118.7192085, 32.2072228], [118.7193306, 32.2072297], [118.7196848, 32.2072699], [118.7199689, 32.2073023], [118.7202251, 32.2073113], [118.7209278, 32.2074021], [118.7213127, 32.2074555]]}}, {"type": "Feature", "properties": {"osm_id": "way/758084280", "highway": "secondary", "lanes": "3", "name": "凤滨路", "name:en": "Xinhua West Road", "oneway": "yes"}, "geometry": {"type": "LineString", "coordinates": [[118.7276151, 32.2034265], [118.7275184, 32.2034378], [118.7273468, 32.2034578], [118.7272306, 32.2034714], [118.7270437, 32.2034875], [118.7265811, 32.2035697], [118.7254377, 32.2037255], [118.7254232, 32.2037275], [118.7253101, 32.2037428], [118.7245003, 32.2038521], [118.7231216, 32.2040601], [118.7224248, 32.2041653], [118.7220862, 32.2042492], [118.7220248, 32.2042644], [118.7219545, 32.2042897], [118.7218971, 32.2043318]]}}, {"type": "Feature", "properties": {"osm_id": "way/1024419728", "highway": "unclassified", "name": "丁桃路"}, "geometry": {"type": "LineString", "coordinates": [[118.7271421, 32.1982995], [118.7269723, 32.1982949], [118.7269034, 32.1982928], [118.7268088, 32.1983002], [118.7267134, 32.1983135], [118.7265077, 32.1983698], [118.7236356, 32.1992893], [118.7231241, 32.199453], [118.7207011, 32.2001648]]}}, {"type": "Feature", "properties": {"osm_id": "way/1056191463", "highway": "service", "name": "盘城新街", "ref": "X201"}, "geometry": {"type": "LineString", "coordinates": [[118.7190473, 32.1962515], [118.7189101, 32.1971157], [118.7188923, 32.198934], [118.7188965, 32.1996742], [118.7188994, 32.2001872], [118.7187538, 32.2004877], [118.718178, 32.200901], [118.7175782, 32.2013285], [118.7172023, 32.2018413], [118.7170483, 32.2019734], [118.716962, 32.2020724], [118.716354, 32.2020915], [118.7160543, 32.2021712], [118.7159083, 32.2023105], [118.7158549, 32.2024148], [118.7157398, 32.2028406], [118.7157031, 32.2031078], [118.7158261, 32.2033389], [118.7158467, 32.2034177], [118.7156794, 32.2035931], [118.7154847, 32.2038633], [118.7153992, 32.2040305], [118.715335, 32.2041831]]}}, {"type": "Feature", "properties": {"osm_id": "way/1057158539", "highway": "footway"}, "geometry": {"type": "LineString", "coordinates": [[118.7212905, 32.2049879], [118.7212525, 32.2049653], [118.7212319, 32.2049062], [118.7211323, 32.2049236], [118.7204052, 32.2050774], [118.7197725, 32.2052222], [118.7193738, 32.2053129], [118.7192521, 32.205338], [118.7191697, 32.205355], [118.7189561, 32.2053981], [118.7188503, 32.205425], [118.7187568, 32.2054493], [118.7186747, 32.2054685], [118.7186087, 32.2054919], [118.7185401, 32.2055432], [118.7184908, 32.2055884], [118.718423, 32.2056544], [118.7183727, 32.2057248], [118.7183214, 32.2058056], [118.7182741, 32.2059108], [118.7182341, 32.2060507], [118.7181996, 32.206107], [118.7181796, 32.2062097], [118.7181765, 32.2062983], [118.7181396, 32.2064435], [118.7180841, 32.2065981], [118.7180358, 32.2067789], [118.7179619, 32.2070205], [118.7179557, 32.2070726], [118.7179337, 32.2071109], [118.7178921, 32.2072542], [118.7177935, 32.2075766], [118.7177103, 32.2078477], [118.7176199, 32.208098], [118.7175244, 32.2084534], [118.7174792, 32.208602], [118.7174267, 32.208764], [118.7173332, 32.2090679], [118.7173128, 32.2091413], [118.7173521, 32.2091596], [118.7173589, 32.2092009]]}}, {"type": "Feature", "properties": {"osm_id": "way/1114839560", "highway": "tertiary", "lanes": "2", "name": "龙山北路", "name:en": "Longshan North Road", "oneway": "yes"}, "geometry": {"type": "LineString", "coordinates": [[118.7213513, 32.2042204], [118.7212972, 32.2042283], [118.7212582, 32.204234], [118.7195304, 32.2044858], [118.7193465, 32.2045125], [118.7190245, 32.2045522], [118.7187859, 32.2045817], [118.7186513, 32.2046006], [118.7175982, 32.2047482]]}}, {"type": "Feature", "properties": {"osm_id": "way/1229233990", "highway": "footway"}, "geometry": {"type": "LineString", "coordinates": [[118.7161652, 32.2084644], [118.7161832, 32.2083698], [118.7162267, 32.2081488], [118.7163033, 32.2080751], [118.7162672, 32.2079951], [118.7164714, 32.2078275], [118.7163348, 32.2076306], [118.7165119, 32.2074756], [118.7165179, 32.2074426], [118.7163993, 32.2072673], [118.7164527, 32.2069424]]}}, {"type": "Feature", "properties": {"osm_id": "way/1316175149", "highway": "footway"}, "geometry": {"type": "LineString", "coordinates": [[118.7176381, 32.2090656], [118.7177207, 32.2087721], [118.7177462, 32.2086498], [118.7177544, 32.2086185], [118.7178489, 32.2083092], [118.7179598, 32.2079494], [118.7180307, 32.207727], [118.7181765, 32.2072907], [118.7182295, 32.2071434]]}}, {"type": "Feature", "properties": {"osm_id": "way/1316175150", "highway": "service"}, "geometry": {"type": "LineString", "coordinates": [[118.7182295, 32.2071434], [118.7182721, 32.2069701], [118.7183778, 32.2066147], [118.718438, 32.2064003], [118.7185114, 32.2061384], [118.7185812, 32.2059299], [118.7186233, 32.2058496]]}}, {"type": "Feature", "properties": {"osm_id": "way/1316175155", "highway": "service"}, "geometry": {"type": "LineString", "coordinates": [[118.715385, 32.2076983], [118.7143607, 32.207565], [118.7147621, 32.2067397]]}}, {"type": "Feature", "properties": {"osm_id": "way/1316175156", "highway": "service"}, "geometry": {"type": "LineString", "coordinates": [[118.7143607, 32.207565], [118.7141886, 32.2079138], [118.7140356, 32.2082238], [118.7138799, 32.2085485], [118.7139195, 32.2085988], [118.7151697, 32.2088412]]}}, {"type": "Feature", "properties": {"osm_id": "way/1421104669", "highway": "footway"}, "geometry": {"type": "LineString", "coordinates": [[118.7223247, 32.2046715], [118.7222649, 32.2046844], [118.7222089, 32.2045029], [118.7221724, 32.2043848], [118.7222153, 32.2043054], [118.7231067, 32.2041658], [118.7231508, 32.2041595], [118.7253346, 32.2038523], [118.725429, 32.203839]]}}, {"type": "Feature", "properties": {"osm_id": "way/1421104675", "highway": "cycleway"}, "geometry": {"type": "LineString", "coordinates": [[118.723135, 32.2041053], [118.7253214, 32.2037931], [118.7254251, 32.2037783], [118.7271251, 32.2035349], [118.7272434, 32.203518], [118.7273971, 32.2034961], [118.7274832, 32.2034838], [118.7275609, 32.2034974], [118.7276406, 32.2035568], [118.7277192, 32.2036154], [118.727915, 32.2038197], [118.7279422, 32.2038677], [118.7284662, 32.2047264], [118.728902, 32.2054708], [118.7291132, 32.2058312], [118.7295216, 32.2065284], [118.73027, 32.207763], [118.7309308, 32.2088629], [118.73143, 32.2097147], [118.7314484, 32.209771], [118.7314689, 32.2098338], [118.7314045, 32.2099076], [118.731239, 32.2099129], [118.7291595, 32.2099212], [118.7277354, 32.2099358], [118.7276801, 32.2099348], [118.7265658, 32.2099281], [118.7256861, 32.209928], [118.7255129, 32.2099285], [118.7254823, 32.2099286], [118.7243717, 32.209932], [118.7237178, 32.2099337], [118.7236901, 32.2099338]]}}, {"type": "Feature", "properties": {"osm_id": "way/1421104679", "highway": "residential"}, "geometry": {"type": "LineString", "coordinates": [[118.7231782, 32.2042339], [118.7238675, 32.2041363], [118.72394, 32.2044427], [118.7250257, 32.2044119], [118.7254581, 32.2043996], [118.7254459, 32.204161]]}}, {"type": "Feature", "properties": {"osm_id": "way/1421115774", "highway": "footway"}, "geometry": {"type": "LineString", "coordinates": [[118.7211826, 32.2039661], [118.7210244, 32.2040739], [118.7202828, 32.2041896], [118.7195015, 32.2042982], [118.719344, 32.2043201], [118.7186138, 32.2044229], [118.7178755, 32.2045301], [118.7175804, 32.204555], [118.7172532, 32.204555], [118.7169072, 32.2044949], [118.7163654, 32.2043281], [118.715668, 32.2040954], [118.7156594, 32.204113], [118.7156489, 32.2041343], [118.7155711, 32.2042929], [118.7155594, 32.2043167]]}}, {"type": "Feature", "properties": {"osm_id": "way/1421115775", "highway": "cycleway"}, "geometry": {"type": "LineString", "coordinates": [[118.7213154, 32.204294], [118.7212972, 32.2042283], [118.7212721, 32.2041372], [118.7212524, 32.2040659], [118.7212125, 32.2040718], [118.7206086, 32.2041613], [118.7195045, 32.2043174], [118.718618, 32.2044428], [118.7176582, 32.2045811], [118.7172532, 32.2045902], [118.7168884, 32.204513], [118.7163225, 32.2043383], [118.7156594, 32.204113]]}}, {"type": "Feature", "properties": {"osm_id": "way/1421115777", "highway": "tertiary", "lanes": "2", "name": "龙山北路", "name:en": "Longshan North Road", "oneway": "yes"}, "geometry": {"type": "LineString", "coordinates": [[118.7153992, 32.2040305], [118.7156489, 32.2041343], [118.7158719, 32.2042271], [118.7169957, 32.2046129], [118.71728, 32.204656], [118.7175482, 32.2046583], [118.7179586, 32.2046106], [118.7186331, 32.2045143], [118.7190395, 32.2044562], [118.7195154, 32.2043883], [118.7212325, 32.2041429], [118.7212721, 32.2041372], [118.7213224, 32.20413]]}}, {"type": "Feature", "properties": {"osm_id": "way/1421298104", "highway": "footway"}, "geometry": {"type": "LineString", "coordinates": [[118.7307863, 32.2034509], [118.7307413, 32.2034559], [118.7306745, 32.2034634], [118.730553, 32.203486], [118.7304058, 32.203466], [118.7302598, 32.2034563], [118.7301774, 32.2034509], [118.7301211, 32.203473], [118.7288591, 32.2032852], [118.7283857, 32.2032137], [118.7276749, 32.2031808], [118.7275933, 32.2031884], [118.7274734, 32.2032039], [118.7272654, 32.2032214], [118.7270687, 32.2032466], [118.7269794, 32.2032146], [118.7269273, 32.2032057], [118.7268877, 32.203199], [118.7267402, 32.2033102], [118.7253481, 32.2035053], [118.7252596, 32.2035176], [118.7244569, 32.2036379], [118.7237281, 32.20373], [118.7219873, 32.2039786], [118.7219992, 32.2040111], [118.7220351, 32.2041094], [118.7220862, 32.2042492], [118.7221097, 32.2043137], [118.7221187, 32.2043383], [118.7221724, 32.2043848]]}}, {"type": "Feature", "properties": {"osm_id": "way/1421300847", "highway": "residential"}, "geometry": {"type": "LineString", "coordinates": [[118.723958, 32.2047938], [118.7250692, 32.204774], [118.7250257, 32.2044119]]}}, {"type": "Feature", "properties": {"osm_id": "way/1421300856", "highway": "cycleway"}, "geometry": {"type": "LineString", "coordinates": [[118.7218988, 32.2040243], [118.7219992, 32.2040111], [118.7231809, 32.203856], [118.7244687, 32.2036947], [118.7246038, 32.2036778], [118.7252729, 32.2035769], [118.726755, 32.2033453], [118.7268783, 32.2032659], [118.7269273, 32.2032057], [118.7269467, 32.2031615], [118.7269239, 32.2029947], [118.7268139, 32.2028721], [118.7266718, 32.202593], [118.7265336, 32.2020642], [118.72659, 32.2014014], [118.7266835, 32.2004451], [118.7268636, 32.1986733], [118.7268776, 32.1985018], [118.7269034, 32.1982928], [118.7269268, 32.1981007], [118.7269413, 32.1979311], [118.7269735, 32.1970663], [118.7270069, 32.1964384], [118.7270138, 32.1963082]]}}, {"type": "Feature", "properties": {"osm_id": "way/1421540868", "highway": "footway"}, "geometry": {"type": "LineString", "coordinates": [[118.7221187, 32.2043383], [118.7220611, 32.2043871], [118.7222571, 32.2050418], [118.7222612, 32.2050554], [118.7237066, 32.2098815]]}}, {"type": "Feature", "properties": {"osm_id": "way/1421540869", "highway": "cycleway"}, "geometry": {"type": "LineString", "coordinates": [[118.7229072, 32.2072454], [118.7236901, 32.2099338], [118.7237222, 32.2100439], [118.7237509, 32.2101426], [118.7237802, 32.2102434], [118.7240043, 32.2110128], [118.7240824, 32.2112734], [118.7244066, 32.2123553], [118.724423, 32.2124098], [118.7247373, 32.2134586], [118.7251573, 32.21486], [118.7253417, 32.2154751], [118.7256613, 32.2165414], [118.7258242, 32.21709]]}}, {"type": "Feature", "properties": {"osm_id": "way/1424977473", "highway": "footway"}, "geometry": {"type": "LineString", "coordinates": [[118.7185742, 32.2051882], [118.7176435, 32.2050895], [118.7176497, 32.2050343], [118.7176609, 32.2049772], [118.7188812, 32.2051145]]}}, {"type": "Feature", "properties": {"osm_id": "way/1425270029", "highway": "service"}, "geometry": {"type": "LineString", "coordinates": [[118.7135135, 32.2077966], [118.7136389, 32.2071207]]}}, {"type": "Feature", "properties": {"osm_id": "way/1445721774", "highway": "unclassified", "name": "桃湖路"}, "geometry": {"type": "LineString", "coordinates": [[118.7202304, 32.1985437], [118.7210848, 32.1979907], [118.7224076, 32.1971312], [118.7241046, 32.1959771], [118.7246528, 32.1958266], [118.7254925, 32.1958258], [118.726429, 32.1958234], [118.7268188, 32.1958224]]}}, {"type": "Feature", "properties": {"osm_id": "way/1503263390", "highway": "residential"}, "geometry": {"type": "LineString", "coordinates": [[118.7255398, 32.2003118], [118.7247741, 32.2004164]]}}, {"type": "Feature", "properties": {"osm_id": "way/1503263392", "highway": "residential"}, "geometry": {"type": "LineString", "coordinates": [[118.7247473, 32.2010451], [118.7254241, 32.2012333]]}}, {"type": "Feature", "properties": {"osm_id": "way/1503263393", "highway": "residential"}, "geometry": {"type": "LineString", "coordinates": [[118.7240083, 32.2011413], [118.7247473, 32.2010451], [118.724758, 32.2007183]]}}, {"type": "Feature", "properties": {"osm_id": "way/1503263394", "highway": "residential"}, "geometry": {"type": "LineString", "coordinates": [[118.7239346, 32.2008159], [118.7245113, 32.2007364], [118.724758, 32.2007183], [118.7254614, 32.200936]]}}, {"type": "Feature", "properties": {"osm_id": "way/586029344", "highway": "service"}, "geometry": {"type": "LineString", "coordinates": [[118.7124956, 32.2050678], [118.7124205, 32.2055331], [118.7123586, 32.2059236], [118.7126309, 32.2059661], [118.7131132, 32.2060574], [118.7135183, 32.2061153], [118.7137945, 32.2061573], [118.7137261, 32.2066305]]}}, {"type": "Feature", "properties": {"osm_id": "way/590302086", "highway": "service"}, "geometry": {"type": "LineString", "coordinates": [[118.7174032, 32.2057678], [118.7173064, 32.205778], [118.7172228, 32.2058206], [118.7171669, 32.2058883], [118.7171484, 32.2059694], [118.7171705, 32.2060499], [118.7172293, 32.2061158], [118.7173147, 32.2061557], [118.717412, 32.2061628], [118.7175042, 32.2061358], [118.7175755, 32.2060794], [118.7176011, 32.2060284], [118.7176136, 32.2060034], [118.7176117, 32.2059208], [118.7175704, 32.205846], [118.7174966, 32.2057919], [118.7174032, 32.2057678]]}}, {"type": "Feature", "properties": {"osm_id": "way/594682479", "highway": "service"}, "geometry": {"type": "LineString", "coordinates": [[118.7137945, 32.2061573], [118.7138569, 32.2057687], [118.7139458, 32.2052751]]}}, {"type": "Feature", "properties": {"osm_id": "way/594682482", "highway": "service"}, "geometry": {"type": "LineString", "coordinates": [[118.7124205, 32.2055331], [118.713172, 32.2056638], [118.7135182, 32.2057052], [118.7138569, 32.2057687]]}}, {"type": "Feature", "properties": {"osm_id": "way/594682484", "highway": "service"}, "geometry": {"type": "LineString", "coordinates": [[118.7131132, 32.2060574], [118.713172, 32.2056638]]}}, {"type": "Feature", "properties": {"osm_id": "way/594682485", "highway": "service"}, "geometry": {"type": "LineString", "coordinates": [[118.7135182, 32.2057052], [118.7135855, 32.2052276], [118.7136108, 32.2049465]]}}, {"type": "Feature", "properties": {"osm_id": "way/594682487", "highway": "service"}, "geometry": {"type": "LineString", "coordinates": [[118.7124956, 32.2050678], [118.7135855, 32.2052276], [118.7139458, 32.2052751]]}}, {"type": "Feature", "properties": {"osm_id": "way/682188157", "highway": "service"}, "geometry": {"type": "LineString", "coordinates": [[118.712032, 32.2076108], [118.712094, 32.207334], [118.712161, 32.2070674], [118.712212, 32.2068336], [118.7122282, 32.2067051], [118.7122603, 32.2065874], [118.7123015, 32.2064217]]}}, {"type": "Feature", "properties": {"osm_id": "way/682188177", "highway": "service"}, "geometry": {"type": "LineString", "coordinates": [[118.7168395, 32.2049186], [118.7166889, 32.2049192], [118.7166501, 32.2051168], [118.7166175, 32.2052897], [118.7165482, 32.2056569], [118.7165024, 32.2058641], [118.7164623, 32.2061108], [118.7163782, 32.2064576], [118.716339, 32.2066192], [118.7162903, 32.2069323]]}}, {"type": "Feature", "properties": {"osm_id": "way/971602095", "highway": "service"}, "geometry": {"type": "LineString", "coordinates": [[118.7124956, 32.2050678], [118.7125211, 32.2048243]]}}, {"type": "Feature", "properties": {"osm_id": "way/971602096", "highway": "service"}, "geometry": {"type": "LineString", "coordinates": [[118.7123586, 32.2059236], [118.7123015, 32.2064217]]}}, {"type": "Feature", "properties": {"osm_id": "way/971602872", "highway": "service"}, "geometry": {"type": "LineString", "coordinates": [[118.7165024, 32.2058641], [118.7171484, 32.2059694]]}}, {"type": "Feature", "properties": {"osm_id": "way/971602873", "highway": "service"}, "geometry": {"type": "LineString", "coordinates": [[118.7175361, 32.2050237], [118.7174977, 32.2052325], [118.7174316, 32.2056376], [118.7174032, 32.2057678]]}}, {"type": "Feature", "properties": {"osm_id": "way/971606029", "bridge": "yes", "highway": "secondary", "layer": "1", "name": "盘城新街", "ref": "X201"}, "geometry": {"type": "LineString", "coordinates": [[118.7145697, 32.2065794], [118.714411, 32.2068949]]}}, {"type": "Feature", "properties": {"osm_id": "way/971606030", "highway": "secondary", "name": "盘城新街", "ref": "X201"}, "geometry": {"type": "LineString", "coordinates": [[118.715335, 32.2041831], [118.7153109, 32.204311], [118.7152573, 32.204538], [118.7152117, 32.2047831], [118.7151285, 32.2050917], [118.7150377, 32.2054322], [118.7149836, 32.2056592], [118.7148888, 32.205936], [118.7147503, 32.2062469], [118.7145697, 32.2065794]]}}, {"type": "Feature", "properties": {"osm_id": "way/971606037", "bridge": "yes", "highway": "service", "layer": "1"}, "geometry": {"type": "LineString", "coordinates": [[118.7178728, 32.2071026], [118.7179337, 32.2071109], [118.7182295, 32.2071434]]}}, {"type": "Feature", "properties": {"osm_id": "way/971606038", "highway": "service"}, "geometry": {"type": "LineString", "coordinates": [[118.7147621, 32.2067397], [118.7149264, 32.2067644], [118.7149786, 32.2067726], [118.715546, 32.206862], [118.7157539, 32.2068779], [118.7162903, 32.2069323], [118.7164527, 32.2069424], [118.716765, 32.2069619], [118.7171727, 32.2070095], [118.7178728, 32.2071026]]}}, {"type": "Feature", "properties": {"osm_id": "way/1057158535", "highway": "service", "layer": "-1", "tunnel": "yes"}, "geometry": {"type": "LineString", "coordinates": [[118.7157186, 32.2046911], [118.7156462, 32.2047588], [118.7154504, 32.2049305], [118.7152734, 32.2050083], [118.715241, 32.2050181]]}}, {"type": "Feature", "properties": {"osm_id": "way/1057158536", "highway": "service", "layer": "-1", "tunnel": "yes"}, "geometry": {"type": "LineString", "coordinates": [[118.7151074, 32.2050584], [118.7150194, 32.2050866], [118.7148957, 32.2051058]]}}, {"type": "Feature", "properties": {"osm_id": "way/1057158537", "highway": "service", "layer": "-1", "tunnel": "yes"}, "geometry": {"type": "LineString", "coordinates": [[118.715241, 32.2050181], [118.7151074, 32.2050584]]}}, {"type": "Feature", "properties": {"osm_id": "way/1057158538", "highway": "footway"}, "geometry": {"type": "LineString", "coordinates": [[118.7181996, 32.206107], [118.7180378, 32.2061096], [118.7179008, 32.2060714], [118.7177856, 32.2060345], [118.7176011, 32.2060284]]}}, {"type": "Feature", "properties": {"osm_id": "way/1057168422", "highway": "service"}, "geometry": {"type": "LineString", "coordinates": [[118.7166889, 32.2049192], [118.7165201, 32.2048938], [118.7157404, 32.2047888], [118.7156246, 32.2048389], [118.7155059, 32.2049358], [118.7153942, 32.205084], [118.7153746, 32.2051656], [118.7151999, 32.2058916], [118.7150911, 32.2062375], [118.7149786, 32.2067726]]}}, {"type": "Feature", "properties": {"osm_id": "way/1424946420", "highway": "steps", "incline": "up"}, "geometry": {"type": "LineString", "coordinates": [[118.7162114, 32.2058311], [118.71602, 32.2058095]]}}, {"type": "Feature", "properties": {"osm_id": "way/1424946421", "highway": "footway"}, "geometry": {"type": "LineString", "coordinates": [[118.7165024, 32.2058641], [118.7162114, 32.2058311]]}}, {"type": "Feature", "properties": {"osm_id": "way/1424986312", "highway": "service"}, "geometry": {"type": "LineString", "coordinates": [[118.7151624, 32.2033102], [118.7149613, 32.2031672], [118.7145925, 32.2030197], [118.7147011, 32.2027201]]}}, {"type": "Feature", "properties": {"osm_id": "way/1424986313", "highway": "service"}, "geometry": {"type": "LineString", "coordinates": [[118.7156794, 32.2035931], [118.7151624, 32.2033102], [118.7149639, 32.2034679]]}}, {"type": "Feature", "properties": {"osm_id": "way/1498513287", "highway": "footway"}, "geometry": {"type": "LineString", "coordinates": [[118.716433, 32.2052682], [118.7166175, 32.2052897]]}}, {"type": "Feature", "properties": {"osm_id": "way/1498513288", "highway": "steps"}, "geometry": {"type": "LineString", "coordinates": [[118.7162604, 32.2052492], [118.716433, 32.2052682]]}}, {"type": "Feature", "properties": {"osm_id": "way/1498513289", "highway": "steps"}, "geometry": {"type": "LineString", "coordinates": [[118.716032, 32.2064128], [118.7161772, 32.2064311]]}}, {"type": "Feature", "properties": {"osm_id": "way/1498513290", "highway": "footway"}, "geometry": {"type": "LineString", "coordinates": [[118.7161772, 32.2064311], [118.7163782, 32.2064576]]}}, {"type": "Feature", "properties": {"osm_id": "way/1498513299", "highway": "service", "layer": "-1", "tunnel": "yes"}, "geometry": {"type": "LineString", "coordinates": [[118.714324, 32.2066944], [118.7147621, 32.2067397]]}}, {"type": "Feature", "properties": {"osm_id": "way/1498513300", "highway": "footway", "layer": "-1", "tunnel": "yes"}, "geometry": {"type": "LineString", "coordinates": [[118.7148957, 32.2051058], [118.7153746, 32.2051656]]}}, {"type": "Feature", "properties": {"osm_id": "way/404874362", "highway": "service", "oneway": "yes"}, "geometry": {"type": "LineString", "coordinates": [[118.7213127, 32.2074555], [118.7216923, 32.2073386], [118.7219806, 32.2072115], [118.7221196, 32.2071063], [118.7221772, 32.2070627], [118.7222276, 32.2070246]]}}, {"type": "Feature", "properties": {"osm_id": "way/408835517", "highway": "residential"}, "geometry": {"type": "LineString", "coordinates": [[118.7245003, 32.2038521], [118.7244769, 32.2037461], [118.7244687, 32.2036947], [118.7244569, 32.2036379], [118.72444, 32.2035504], [118.7243623, 32.2030262], [118.7243373, 32.2028753], [118.7242765, 32.2025087]]}}, {"type": "Feature", "properties": {"osm_id": "way/656927782", "highway": "trunk_link", "oneway": "yes"}, "geometry": {"type": "LineString", "coordinates": [[118.7213866, 32.2028966], [118.7215074, 32.2031465], [118.7216649, 32.2034894]]}}, {"type": "Feature", "properties": {"osm_id": "way/656927783", "highway": "trunk_link", "oneway": "yes"}, "geometry": {"type": "LineString", "coordinates": [[118.7211933, 32.2037266], [118.7211404, 32.2033283], [118.7211007, 32.2028496]]}}, {"type": "Feature", "properties": {"osm_id": "way/682188147", "highway": "service"}, "geometry": {"type": "LineString", "coordinates": [[118.7186233, 32.2058496], [118.7190865, 32.2058759], [118.7194687, 32.2059292], [118.7204089, 32.2060347], [118.720445, 32.2060728], [118.7204196, 32.2061658], [118.72038, 32.2063224], [118.7203378, 32.206685], [118.7202948, 32.206921], [118.7202627, 32.2071241], [118.7202425, 32.207233], [118.7202251, 32.2073113]]}}, {"type": "Feature", "properties": {"osm_id": "way/682188158", "highway": "footway"}, "geometry": {"type": "LineString", "coordinates": [[118.7187905, 32.2071925], [118.7189049, 32.2064467]]}}, {"type": "Feature", "properties": {"osm_id": "way/682188166", "highway": "service"}, "geometry": {"type": "LineString", "coordinates": [[118.7194164, 32.2062027], [118.72038, 32.2063224]]}}, {"type": "Feature", "properties": {"osm_id": "way/682188168", "highway": "service"}, "geometry": {"type": "LineString", "coordinates": [[118.7193306, 32.2072297], [118.71934, 32.2071128], [118.7193641, 32.2069289], [118.7194325, 32.2065204], [118.7194164, 32.2062027], [118.7194687, 32.2059292]]}}, {"type": "Feature", "properties": {"osm_id": "way/971606041", "bridge": "yes", "highway": "service", "layer": "1"}, "geometry": {"type": "LineString", "coordinates": [[118.7191401, 32.2055775], [118.7191697, 32.205355]]}}, {"type": "Feature", "properties": {"osm_id": "way/971606042", "highway": "service"}, "geometry": {"type": "LineString", "coordinates": [[118.7190865, 32.2058759], [118.7191227, 32.2056087], [118.7191401, 32.2055775]]}}, {"type": "Feature", "properties": {"osm_id": "way/1057165358", "highway": "service", "oneway": "yes"}, "geometry": {"type": "LineString", "coordinates": [[118.7193465, 32.2045125], [118.7193304, 32.2045728], [118.7193238, 32.2046093], [118.7192704, 32.2049389], [118.7192126, 32.2052132]]}}, {"type": "Feature", "properties": {"osm_id": "way/1316175147", "highway": "footway"}, "geometry": {"type": "LineString", "coordinates": [[118.7186233, 32.2058496], [118.7186592, 32.2057813], [118.718764, 32.2057239], [118.7190156, 32.2056423], [118.7191227, 32.2056087], [118.7192444, 32.2055805], [118.720095, 32.205385], [118.7209824, 32.205186], [118.7211682, 32.2051434], [118.7212977, 32.2051165], [118.7212853, 32.2050765], [118.721312, 32.2050513]]}}, {"type": "Feature", "properties": {"osm_id": "way/1316175148", "bridge": "yes", "highway": "footway", "layer": "1"}, "geometry": {"type": "LineString", "coordinates": [[118.721312, 32.2050513], [118.7212905, 32.2049879]]}}, {"type": "Feature", "properties": {"osm_id": "way/1421104664", "highway": "footway", "indoor": "yes"}, "geometry": {"type": "LineString", "coordinates": [[118.7223869, 32.2046594], [118.7223247, 32.2046715]]}}, {"type": "Feature", "properties": {"osm_id": "way/1421104666", "highway": "footway"}, "geometry": {"type": "LineString", "coordinates": [[118.722918, 32.2045564], [118.7230006, 32.2045473], [118.7230867, 32.2045378]]}}, {"type": "Feature", "properties": {"osm_id": "way/1421104667", "highway": "footway"}, "geometry": {"type": "LineString", "coordinates": [[118.7229796, 32.2047614], [118.7230607, 32.2047531], [118.7231447, 32.2047445], [118.7230867, 32.2045378], [118.7230253, 32.204319], [118.7231246, 32.2042396], [118.7231109, 32.2041838], [118.7231067, 32.2041658]]}}, {"type": "Feature", "properties": {"osm_id": "way/1421104668", "highway": "steps", "incline": "down", "indoor": "yes"}, "geometry": {"type": "LineString", "coordinates": [[118.7223346, 32.204479], [118.7223869, 32.2046594]]}}, {"type": "Feature", "properties": {"osm_id": "way/1421104670", "bridge": "yes", "highway": "footway", "layer": "1", "level": "1"}, "geometry": {"type": "LineString", "coordinates": [[118.7212118, 32.2046948], [118.7212366, 32.20469], [118.7223346, 32.204479]]}}, {"type": "Feature", "properties": {"osm_id": "way/1421104672", "highway": "cycleway"}, "geometry": {"type": "LineString", "coordinates": [[118.7222469, 32.2050584], [118.7222612, 32.2050554], [118.7224134, 32.2050238]]}}, {"type": "Feature", "properties": {"osm_id": "way/1421104676", "highway": "service"}, "geometry": {"type": "LineString", "coordinates": [[118.723135, 32.2041053], [118.7231508, 32.2041595], [118.7231564, 32.2041743], [118.7231782, 32.2042339]]}}, {"type": "Feature", "properties": {"osm_id": "way/1421104677", "highway": "service"}, "geometry": {"type": "LineString", "coordinates": [[118.7231216, 32.2040601], [118.723135, 32.2041053]]}}, {"type": "Feature", "properties": {"osm_id": "way/1421104678", "highway": "residential"}, "geometry": {"type": "LineString", "coordinates": [[118.72326, 32.2045175], [118.7232641, 32.2047945], [118.723958, 32.2047938], [118.72394, 32.2044427], [118.72326, 32.2045175]]}}, {"type": "Feature", "properties": {"osm_id": "way/1421104680", "highway": "cycleway"}, "geometry": {"type": "LineString", "coordinates": [[118.7220314, 32.204345], [118.7221097, 32.2043137], [118.7223615, 32.2042248], [118.723135, 32.2041053]]}}, {"type": "Feature", "properties": {"osm_id": "way/1421115773", "highway": "footway"}, "geometry": {"type": "LineString", "coordinates": [[118.7212872, 32.2043371], [118.7212772, 32.204298], [118.7212582, 32.204234], [118.7212325, 32.2041429], [118.7212125, 32.2040718], [118.7211826, 32.2039661]]}}, {"type": "Feature", "properties": {"osm_id": "way/1421115776", "highway": "steps", "incline": "up", "indoor": "yes"}, "geometry": {"type": "LineString", "coordinates": [[118.7211652, 32.2044302], [118.7212118, 32.2046948]]}}, {"type": "Feature", "properties": {"osm_id": "way/1421300845", "highway": "residential"}, "geometry": {"type": "LineString", "coordinates": [[118.7231782, 32.2042339], [118.7230669, 32.2043394], [118.7232614, 32.2048716]]}}, {"type": "Feature", "properties": {"osm_id": "way/1421300848", "highway": "footway"}, "geometry": {"type": "LineString", "coordinates": [[118.7219873, 32.2039786], [118.7219122, 32.2039252], [118.7217982, 32.2035224]]}}, {"type": "Feature", "properties": {"osm_id": "way/1421499999", "highway": "footway"}, "geometry": {"type": "LineString", "coordinates": [[118.7230607, 32.2047531], [118.7229878, 32.2047876]]}}, {"type": "Feature", "properties": {"osm_id": "way/1421500000", "highway": "footway"}, "geometry": {"type": "LineString", "coordinates": [[118.7230006, 32.2045473], [118.7229264, 32.2045831]]}}, {"type": "Feature", "properties": {"osm_id": "way/1421540867", "highway": "footway"}, "geometry": {"type": "LineString", "coordinates": [[118.7222571, 32.2050418], [118.7223715, 32.2050186], [118.7222649, 32.2046844]]}}, {"type": "Feature", "properties": {"osm_id": "way/1422416013", "highway": "footway"}, "geometry": {"type": "LineString", "coordinates": [[118.722271, 32.2044911], [118.7222089, 32.2045029]]}}, {"type": "Feature", "properties": {"osm_id": "way/1422416014", "highway": "footway", "indoor": "yes"}, "geometry": {"type": "LineString", "coordinates": [[118.7223346, 32.204479], [118.722271, 32.2044911]]}}, {"type": "Feature", "properties": {"osm_id": "way/1423475405", "highway": "primary", "oneway": "yes"}, "geometry": {"type": "LineString", "coordinates": [[118.7227336, 32.2071722], [118.7226431, 32.2072762], [118.7224728, 32.2073125], [118.722301, 32.2072632]]}}, {"type": "Feature", "properties": {"osm_id": "way/1424946422", "highway": "service", "oneway": "yes"}, "geometry": {"type": "LineString", "coordinates": [[118.7189403, 32.2051723], [118.7189758, 32.2049047], [118.7190107, 32.2046524], [118.7190159, 32.2046148], [118.7190245, 32.2045522]]}}, {"type": "Feature", "properties": {"osm_id": "way/1424977471", "conveying": "forward", "highway": "steps", "incline": "up", "indoor": "yes"}, "geometry": {"type": "LineString", "coordinates": [[118.7211887, 32.2044266], [118.7212366, 32.20469]]}}, {"type": "Feature", "properties": {"osm_id": "way/1424977474", "highway": "footway"}, "geometry": {"type": "LineString", "coordinates": [[118.7188645, 32.2052279], [118.7185742, 32.2051882], [118.7185232, 32.2052881], [118.718542, 32.2053516], [118.7186087, 32.2054919]]}}, {"type": "Feature", "properties": {"osm_id": "way/1424977475", "highway": "footway"}, "geometry": {"type": "LineString", "coordinates": [[118.7192709, 32.205243], [118.7192014, 32.2052503], [118.7191301, 32.2052586], [118.7188645, 32.2052279], [118.7188743, 32.2051652], [118.7188812, 32.2051145], [118.7189109, 32.2048955], [118.7189426, 32.2046618]]}}, {"type": "Feature", "properties": {"osm_id": "way/1424977476", "highway": "footway"}, "geometry": {"type": "LineString", "coordinates": [[118.7193811, 32.2046016], [118.7193292, 32.2049477], [118.7192709, 32.205243], [118.7192521, 32.205338]]}}, {"type": "Feature", "properties": {"osm_id": "way/1424977477", "highway": "footway"}, "geometry": {"type": "LineString", "coordinates": [[118.7195449, 32.2045796], [118.7195395, 32.2045445], [118.7195304, 32.2044858], [118.7195154, 32.2043883], [118.7195045, 32.2043174], [118.7195015, 32.2042982]]}}, {"type": "Feature", "properties": {"osm_id": "way/1424977478", "highway": "footway"}, "geometry": {"type": "LineString", "coordinates": [[118.7186721, 32.2046991], [118.7186643, 32.2046623], [118.7186513, 32.2046006], [118.7186331, 32.2045143], [118.718618, 32.2044428], [118.7186138, 32.2044229]]}}, {"type": "Feature", "properties": {"osm_id": "way/1424977479", "highway": "tertiary", "oneway": "yes"}, "geometry": {"type": "LineString", "coordinates": [[118.7190395, 32.2044562], [118.7190245, 32.2045522]]}}, {"type": "Feature", "properties": {"osm_id": "way/1057165361", "highway": "service"}, "geometry": {"type": "LineString", "coordinates": [[118.702483, 32.2081302], [118.7025652, 32.2083867], [118.7027898, 32.2090875], [118.7028756, 32.2094528], [118.702861, 32.2101264], [118.7028673, 32.2102906], [118.7029388, 32.210452], [118.703008, 32.2106077], [118.7031757, 32.2108383], [118.7034395, 32.2112331], [118.7035674, 32.211569], [118.7036702, 32.2118882], [118.7037814, 32.2121663]]}}, {"type": "Feature", "properties": {"osm_id": "way/1057165362", "highway": "residential"}, "geometry": {"type": "LineString", "coordinates": [[118.7048763, 32.2117618], [118.704705, 32.211367], [118.7040255, 32.2116046], [118.7039232, 32.2116473], [118.7036738, 32.2112674], [118.703393, 32.2109101], [118.7032397, 32.2107194]]}}, {"type": "Feature", "properties": {"osm_id": "way/1057165364", "highway": "residential"}, "geometry": {"type": "LineString", "coordinates": [[118.699931, 32.2104713], [118.7004013, 32.210293], [118.7008496, 32.2100703]]}}, {"type": "Feature", "properties": {"osm_id": "way/1057165365", "highway": "residential"}, "geometry": {"type": "LineString", "coordinates": [[118.7014094, 32.2090838], [118.7002673, 32.20926], [118.700544, 32.2096385], [118.7007572, 32.209887], [118.7008496, 32.2100703], [118.7010017, 32.2102825], [118.7011554, 32.2104968], [118.7013126, 32.2107412], [118.7014421, 32.2109503], [118.7015676, 32.211155], [118.7016572, 32.2114579], [118.7018269, 32.2117741], [118.7018842, 32.2118683], [118.7021138, 32.2122458], [118.7025324, 32.2120838], [118.702949, 32.2118593], [118.7033406, 32.2116664], [118.7034291, 32.211596], [118.7034452, 32.2115007], [118.703118, 32.2110809], [118.7029141, 32.2107836], [118.7027934, 32.2105181], [118.7027237, 32.2102707], [118.7027049, 32.2099008], [118.7027317, 32.2096353], [118.7027183, 32.2094855], [118.7026486, 32.2094605], [118.7022758, 32.2094628], [118.7020156, 32.2094968], [118.7016079, 32.2096444], [118.7007572, 32.209887]]}}, {"type": "Feature", "properties": {"osm_id": "way/1425270051", "highway": "footway"}, "geometry": {"type": "LineString", "coordinates": [[118.7047166, 32.2106372], [118.7047058, 32.2107019], [118.7047139, 32.2108063], [118.7047742, 32.2108381], [118.7047635, 32.2109186], [118.7047058, 32.2110162], [118.7046066, 32.2110525]]}}, {"type": "Feature", "properties": {"osm_id": "way/1425270052", "highway": "footway"}, "geometry": {"type": "LineString", "coordinates": [[118.7044913, 32.2106247], [118.7046026, 32.2106758], [118.704671, 32.2106679], [118.7047166, 32.2106372], [118.7047514, 32.2105828], [118.7047434, 32.2104954], [118.7046763, 32.2104591], [118.7045771, 32.2104046], [118.7044631, 32.2104228], [118.7044027, 32.2104647]]}}, {"type": "Feature", "properties": {"osm_id": "way/1425270053", "highway": "footway"}, "geometry": {"type": "LineString", "coordinates": [[118.7038529, 32.2105623], [118.7038583, 32.210492], [118.7039092, 32.2104511], [118.7039991, 32.2104171], [118.7041372, 32.2104273], [118.7043142, 32.2104716], [118.7044027, 32.2104647], [118.7044255, 32.2105714], [118.7044913, 32.2106247], [118.704451, 32.2106588], [118.7044564, 32.210745], [118.7044162, 32.210812]]}}, {"type": "Feature", "properties": {"osm_id": "way/1425270054", "highway": "footway"}, "geometry": {"type": "LineString", "coordinates": [[118.7046133, 32.2111002], [118.7046066, 32.2110525], [118.7045208, 32.2110491], [118.7044591, 32.2109878], [118.7044336, 32.2108869], [118.7044162, 32.210812], [118.7043022, 32.2108483], [118.7041654, 32.2108551], [118.7041198, 32.2107291], [118.7040406, 32.210661], [118.7039454, 32.2106327], [118.7038529, 32.2105623], [118.7037402, 32.2105782]]}}, {"type": "Feature", "properties": {"osm_id": "way/1425270056", "highway": "residential"}, "geometry": {"type": "LineString", "coordinates": [[118.704705, 32.211367], [118.7046415, 32.211267], [118.7045382, 32.2112443], [118.7045194, 32.2111853], [118.7045342, 32.2111274], [118.7046133, 32.2111002], [118.7046736, 32.2111251], [118.7047085, 32.2112034], [118.7046415, 32.211267]]}}, {"type": "Feature", "properties": {"osm_id": "way/1425270058", "highway": "residential"}, "geometry": {"type": "LineString", "coordinates": [[118.7018269, 32.2117741], [118.7019297, 32.2117333], [118.7024085, 32.2116573]]}}, {"type": "Feature", "properties": {"osm_id": "way/1425270059", "highway": "residential"}, "geometry": {"type": "LineString", "coordinates": [[118.7027049, 32.2099008], [118.702544, 32.2098906], [118.7019418, 32.2099723]]}}, {"type": "Feature", "properties": {"osm_id": "way/1425270060", "highway": "residential"}, "geometry": {"type": "LineString", "coordinates": [[118.7013126, 32.2107412], [118.7018707, 32.2106542]]}}, {"type": "Feature", "properties": {"osm_id": "way/1425270061", "highway": "residential"}, "geometry": {"type": "LineString", "coordinates": [[118.7014421, 32.2109503], [118.7009118, 32.2111615]]}}, {"type": "Feature", "properties": {"osm_id": "way/1425270062", "highway": "residential"}, "geometry": {"type": "LineString", "coordinates": [[118.7011554, 32.2104968], [118.700594, 32.2107337]]}}, {"type": "Feature", "properties": {"osm_id": "way/1425270063", "highway": "residential"}, "geometry": {"type": "LineString", "coordinates": [[118.7010017, 32.2102825], [118.7017232, 32.2101436]]}}, {"type": "Feature", "properties": {"osm_id": "way/1425270064", "highway": "residential"}, "geometry": {"type": "LineString", "coordinates": [[118.7002673, 32.20926], [118.6995533, 32.2094673]]}}, {"type": "Feature", "properties": {"osm_id": "way/1425270065", "highway": "residential"}, "geometry": {"type": "LineString", "coordinates": [[118.700544, 32.2096385], [118.6999986, 32.2098713]]}}, {"type": "Feature", "properties": {"osm_id": "way/1057165359", "highway": "service"}, "geometry": {"type": "LineString", "coordinates": [[118.7081275, 32.2114828], [118.7081031, 32.2112835], [118.7081734, 32.2110313], [118.7083446, 32.2103975], [118.7083672, 32.2102937], [118.7083338, 32.2102311], [118.7075892, 32.2100858], [118.7075181, 32.2103309]]}}, {"type": "Feature", "properties": {"osm_id": "way/1425270033", "highway": "footway"}, "geometry": {"type": "LineString", "coordinates": [[118.7086728, 32.2086719], [118.7090309, 32.2086696], [118.7090174, 32.208523], [118.709013, 32.2083767], [118.7090081, 32.2082339]]}}, {"type": "Feature", "properties": {"osm_id": "way/1425270034", "highway": "footway"}, "geometry": {"type": "LineString", "coordinates": [[118.7072539, 32.2086095], [118.7078628, 32.2086481], [118.7082893, 32.2086674], [118.7086728, 32.2086719], [118.7086646, 32.2085263], [118.7086482, 32.2083711], [118.7086312, 32.2082067]]}}, {"type": "Feature", "properties": {"osm_id": "way/1425270035", "highway": "footway"}, "geometry": {"type": "LineString", "coordinates": [[118.7069656, 32.20858], [118.7071108, 32.208598], [118.7072539, 32.2086095], [118.7072676, 32.2084592], [118.7072894, 32.2083155], [118.7073103, 32.2081806], [118.7070313, 32.2081579], [118.7070098, 32.2082807], [118.7069904, 32.2084214], [118.7069656, 32.20858]]}}, {"type": "Feature", "properties": {"osm_id": "way/1425270049", "highway": "residential"}, "geometry": {"type": "LineString", "coordinates": [[118.705422, 32.2105294], [118.7059517, 32.210551], [118.706986, 32.2106112]]}}, {"type": "Feature", "properties": {"osm_id": "way/1425270050", "highway": "residential"}, "geometry": {"type": "LineString", "coordinates": [[118.7054354, 32.2108574], [118.705422, 32.2105294], [118.7053844, 32.2103343], [118.7054005, 32.2100892], [118.7054206, 32.2100328]]}}, {"type": "Feature", "properties": {"osm_id": "way/1425270071", "highway": "service"}, "geometry": {"type": "LineString", "coordinates": [[118.7113769, 32.2114344], [118.7110962, 32.2112817]]}}, {"type": "Feature", "properties": {"osm_id": "way/1425270074", "highway": "residential"}, "geometry": {"type": "LineString", "coordinates": [[118.7055346, 32.209515], [118.7054864, 32.2098441], [118.7054206, 32.2100328]]}}, {"type": "Feature", "properties": {"osm_id": "way/1425270075", "highway": "residential"}, "geometry": {"type": "LineString", "coordinates": [[118.7055695, 32.2090679], [118.7055346, 32.209515], [118.7060939, 32.2095343]]}}, {"type": "Feature", "properties": {"osm_id": "way/319663855", "highway": "residential", "lanes": "2", "name": "盘英街", "oneway": "no"}, "geometry": {"type": "LineString", "coordinates": [[118.7087884, 32.2114403], [118.7081275, 32.2114828], [118.7069488, 32.2115459], [118.7059331, 32.2115967], [118.7051296, 32.2116898], [118.7048763, 32.2117618], [118.7044934, 32.2118705], [118.7043852, 32.2119046], [118.7037814, 32.2121663], [118.7028645, 32.2125537], [118.7018076, 32.2130193], [118.7017432, 32.2130477]]}}, {"type": "Feature", "properties": {"osm_id": "way/1050455866", "highway": "secondary"}, "geometry": {"type": "LineString", "coordinates": [[118.7069088, 32.2145577], [118.7069324, 32.2141785], [118.7069887, 32.2133499], [118.7069412, 32.2128513], [118.706963, 32.2120228], [118.7069488, 32.2115459], [118.706986, 32.2106112], [118.7071108, 32.208598], [118.7071205, 32.2084417], [118.7071435, 32.2082986]]}}, {"type": "Feature", "properties": {"osm_id": "way/1057165363", "highway": "residential"}, "geometry": {"type": "LineString", "coordinates": [[118.7029388, 32.210452], [118.7033124, 32.21027], [118.7037093, 32.2100694], [118.7038697, 32.2099978], [118.7042189, 32.2099786], [118.7052642, 32.2100211], [118.7054206, 32.2100328]]}}, {"type": "Feature", "properties": {"osm_id": "way/1425270031", "highway": "footway"}, "geometry": {"type": "LineString", "coordinates": [[118.7090309, 32.2086696], [118.709684, 32.2086413], [118.7102191, 32.2086163], [118.7106469, 32.2086015], [118.7107475, 32.2085777], [118.7107824, 32.2085516], [118.7110399, 32.2085437], [118.7115441, 32.2085766], [118.7120698, 32.2086401], [118.7128638, 32.2087922], [118.7130301, 32.2088308], [118.7130877, 32.2088693], [118.7131307, 32.2089215]]}}, {"type": "Feature", "properties": {"osm_id": "way/1425270055", "highway": "residential"}, "geometry": {"type": "LineString", "coordinates": [[118.7047085, 32.2112034], [118.7054126, 32.2112034], [118.7054354, 32.2108574], [118.7053053, 32.2108551]]}}, {"type": "Feature", "properties": {"osm_id": "way/1425270076", "highway": "residential"}, "geometry": {"type": "LineString", "coordinates": [[118.7037991, 32.2083615], [118.7037456, 32.2088727], [118.7054005, 32.2089908], [118.7055695, 32.2090679], [118.7060255, 32.2090725]]}}, {"type": "Feature", "properties": {"osm_id": "way/1425270078", "highway": "service"}, "geometry": {"type": "LineString", "coordinates": [[118.7025652, 32.2083867], [118.7035364, 32.208353], [118.7037991, 32.2083615], [118.704384, 32.2083803], [118.7062803, 32.2085868]]}}, {"type": "Feature", "properties": {"osm_id": "way/586029343", "highway": "service"}, "geometry": {"type": "LineString", "coordinates": [[118.7173377, 32.2086288], [118.7171624, 32.208605], [118.7168727, 32.2085596], [118.716529, 32.2085153], [118.7164566, 32.2084994], [118.7162635, 32.208479], [118.7161652, 32.2084644], [118.7159822, 32.2084371], [118.7156818, 32.2084053], [118.7153757, 32.2083576], [118.7152751, 32.208344]]}}, {"type": "Feature", "properties": {"osm_id": "way/971606039", "bridge": "yes", "highway": "footway", "layer": "1"}, "geometry": {"type": "LineString", "coordinates": [[118.7179144, 32.2086878], [118.7177789, 32.2086901], [118.7176757, 32.2086844], [118.7175127, 32.208662], [118.7173377, 32.2086288]]}}, {"type": "Feature", "properties": {"osm_id": "way/1057165374", "highway": "service"}, "geometry": {"type": "LineString", "coordinates": [[118.7147524, 32.2091047], [118.7146836, 32.2093357], [118.7146399, 32.2094824]]}}, {"type": "Feature", "properties": {"osm_id": "way/1057168416", "highway": "footway"}, "geometry": {"type": "LineString", "coordinates": [[118.7174843, 32.2092195], [118.7174904, 32.2092204], [118.7175798, 32.2092284], [118.7176381, 32.2090656]]}}, {"type": "Feature", "properties": {"osm_id": "way/1316175151", "highway": "footway", "name": "东苑美食街"}, "geometry": {"type": "LineString", "coordinates": [[118.7163462, 32.2089646], [118.7151825, 32.2088001]]}}, {"type": "Feature", "properties": {"osm_id": "way/1316175153", "highway": "footway"}, "geometry": {"type": "LineString", "coordinates": [[118.7173589, 32.2092009], [118.7172987, 32.2093352]]}}, {"type": "Feature", "properties": {"osm_id": "way/1316175154", "highway": "footway"}, "geometry": {"type": "LineString", "coordinates": [[118.7174843, 32.2092195], [118.7174403, 32.2093607]]}}, {"type": "Feature", "properties": {"osm_id": "way/1316175157", "highway": "footway"}, "geometry": {"type": "LineString", "coordinates": [[118.7153204, 32.2080778], [118.7141886, 32.2079138]]}}, {"type": "Feature", "properties": {"osm_id": "way/1425270030", "highway": "service"}, "geometry": {"type": "LineString", "coordinates": [[118.7135343, 32.2078628], [118.71347, 32.2082668], [118.7134096, 32.2083099], [118.7126774, 32.2081908], [118.7125446, 32.208134], [118.7119223, 32.2080546]]}}, {"type": "Feature", "properties": {"osm_id": "way/1425270032", "highway": "footway"}, "geometry": {"type": "LineString", "coordinates": [[118.7131307, 32.2089215], [118.7133078, 32.2089652], [118.7134176, 32.208993], [118.7135291, 32.2088427], [118.7136271, 32.2087129], [118.713702, 32.2085641], [118.7136361, 32.2085515], [118.7133989, 32.208504], [118.713309, 32.2086497], [118.713211, 32.2087756], [118.7131307, 32.2089215]]}}, {"type": "Feature", "properties": {"osm_id": "way/1498513298", "highway": "footway", "layer": "-1", "tunnel": "yes"}, "geometry": {"type": "LineString", "coordinates": [[118.7137596, 32.2079026], [118.7141886, 32.2079138]]}}, {"type": "Feature", "properties": {"osm_id": "way/656927787", "highway": "tertiary", "oneway": "yes"}, "geometry": {"type": "LineString", "coordinates": [[118.7232935, 32.2105562], [118.7230224, 32.2103263], [118.722726, 32.2101316]]}}, {"type": "Feature", "properties": {"osm_id": "way/656927788", "highway": "tertiary", "oneway": "yes"}, "geometry": {"type": "LineString", "coordinates": [[118.7225672, 32.2100231], [118.7227663, 32.2099582], [118.7229127, 32.2098275], [118.7230205, 32.2096404]]}}, {"type": "Feature", "properties": {"osm_id": "way/1057180417", "highway": "service"}, "geometry": {"type": "LineString", "coordinates": [[118.7240082, 32.2078775], [118.7243204, 32.2087222], [118.7243635, 32.2091532], [118.7243758, 32.2097197], [118.7243727, 32.2098812], [118.7243717, 32.209932], [118.7243692, 32.2100618]]}}, {"type": "Feature", "properties": {"osm_id": "way/1421540865", "highway": "unclassified"}, "geometry": {"type": "LineString", "coordinates": [[118.7239852, 32.2112931], [118.7240824, 32.2112734], [118.7240999, 32.2112699], [118.7244126, 32.2112066], [118.7245515, 32.2111785]]}}, {"type": "Feature", "properties": {"osm_id": "way/93553393", "highway": "secondary", "lanes": "3", "name": "杨新路", "oneway": "yes"}, "geometry": {"type": "LineString", "coordinates": [[118.713545, 32.2086944], [118.7136271, 32.2087129], [118.7151057, 32.2090467], [118.7171831, 32.2094835], [118.71881, 32.2097218], [118.7199069, 32.2098613], [118.7220376, 32.2100039], [118.7225672, 32.2100231], [118.7231371, 32.2100391]]}}, {"type": "Feature", "properties": {"osm_id": "way/93553396", "highway": "tertiary", "lanes": "2", "name": "杨新路", "oneway": "yes"}, "geometry": {"type": "LineString", "coordinates": [[118.7231371, 32.2100391], [118.7236175, 32.210041], [118.7237222, 32.2100439], [118.7237415, 32.2100444], [118.7243692, 32.2100618], [118.7249562, 32.2100781], [118.7254755, 32.2100792], [118.7255124, 32.2100787], [118.7276797, 32.2100476], [118.7277487, 32.2100469], [118.7312453, 32.2100246], [118.7315651, 32.2100219]]}}, {"type": "Feature", "properties": {"osm_id": "way/422681310", "highway": "secondary", "lanes": "3", "name": "杨新路", "oneway": "yes"}, "geometry": {"type": "LineString", "coordinates": [[118.723168, 32.2101433], [118.722726, 32.2101316], [118.7220496, 32.2101138], [118.720397, 32.2100389], [118.7186821, 32.2098743], [118.7171244, 32.2096123], [118.7147524, 32.2091047], [118.7135291, 32.2088427], [118.7134257, 32.2088205]]}}, {"type": "Feature", "properties": {"osm_id": "way/432973650", "highway": "tertiary", "lanes": "2", "name": "杨新路", "oneway": "yes"}, "geometry": {"type": "LineString", "coordinates": [[118.7315438, 32.2101117], [118.7312503, 32.210114], [118.7277474, 32.2101417], [118.7276836, 32.2101422], [118.7255121, 32.2101588], [118.7249553, 32.2101631], [118.7237682, 32.2101427], [118.7237509, 32.2101426], [118.7236416, 32.2101419], [118.723168, 32.2101433]]}}, {"type": "Feature", "properties": {"osm_id": "way/971602078", "highway": "service"}, "geometry": {"type": "LineString", "coordinates": [[118.7178071, 32.2091791], [118.7186117, 32.2092869], [118.7188689, 32.2093137], [118.719812, 32.2094673], [118.7202425, 32.2095229], [118.7205644, 32.2095479], [118.7210485, 32.2095808]]}}, {"type": "Feature", "properties": {"osm_id": "way/971606040", "highway": "service"}, "geometry": {"type": "LineString", "coordinates": [[118.7189256, 32.2088455], [118.7187713, 32.2088194], [118.718546, 32.2087661], [118.7181182, 32.2087082], [118.7179144, 32.2086878]]}}, {"type": "Feature", "properties": {"osm_id": "way/1057165375", "highway": "service"}, "geometry": {"type": "LineString", "coordinates": [[118.7170009, 32.2098185], [118.7167266, 32.2106992], [118.7163225, 32.2120129], [118.7160377, 32.2129013], [118.7155412, 32.2145069], [118.7151041, 32.2159587], [118.7149414, 32.2164765], [118.7147535, 32.2170878], [118.7144263, 32.2183501], [118.7141997, 32.2190587], [118.7138034, 32.2190727], [118.7126367, 32.2190502], [118.7126221, 32.2191901]]}}, {"type": "Feature", "properties": {"osm_id": "way/1421505726", "highway": "cycleway"}, "geometry": {"type": "LineString", "coordinates": [[118.7312516, 32.2101674], [118.7302593, 32.2101924], [118.7277433, 32.2102257], [118.7276846, 32.2102248], [118.7271935, 32.2102299], [118.7257344, 32.2102344], [118.7255119, 32.2102385], [118.7252381, 32.2102435], [118.7237978, 32.2102434], [118.7237802, 32.2102434]]}}, {"type": "Feature", "properties": {"osm_id": "way/1421505728", "highway": "footway"}, "geometry": {"type": "LineString", "coordinates": [[118.7312356, 32.209852], [118.7292829, 32.2098668], [118.7277319, 32.2098858], [118.7276803, 32.2098857], [118.7271908, 32.2098872], [118.7257048, 32.2098804], [118.7255131, 32.2098807], [118.7254845, 32.2098807], [118.7243727, 32.2098812], [118.7237066, 32.2098815]]}}, {"type": "Feature", "properties": {"osm_id": "way/1421505730", "highway": "footway"}, "geometry": {"type": "LineString", "coordinates": [[118.7237066, 32.2098815], [118.7237178, 32.2099337], [118.7237415, 32.2100444], [118.7237682, 32.2101427], [118.7237978, 32.2102434], [118.7238125, 32.21029], [118.7244093, 32.2102843], [118.7255117, 32.2102731], [118.7257424, 32.2102708], [118.7274295, 32.210273], [118.7276857, 32.2102666], [118.7277468, 32.2102662], [118.7296423, 32.2102435], [118.731253, 32.2102265], [118.7312516, 32.2101674], [118.7312503, 32.210114], [118.7312453, 32.2100246], [118.731239, 32.2099129], [118.7312356, 32.209852]]}}, {"type": "Feature", "properties": {"osm_id": "way/1421540866", "highway": "footway"}, "geometry": {"type": "LineString", "coordinates": [[118.7238125, 32.21029], [118.7240218, 32.2110094], [118.7240999, 32.2112699], [118.7244242, 32.2123514], [118.7244405, 32.212406], [118.724756, 32.213458], [118.7251777, 32.2148643], [118.7253567, 32.2154615], [118.7256794, 32.2165375]]}}]}